"ID","X","Y","Elevation","Distance (Segment)","Distance (Total)","Distance 3D (Segment)","Distance 3D (Total)","Slope (Degrees)","Slope (Percent)","Segment Index"
1,399437.582,3875969.533,0.057,0,0,0,0,,,1
2,399437.752,3875969.367,0.065,0.2377,0.2377,0.2379,0.2379,1.8,3.2,1
3,399437.922,3875969.200,0.071,0.2377,0.4755,0.2378,0.4757,1.5,2.6,1
4,399438.091,3875969.034,0.075,0.2377,0.713,0.2378,0.713,1.0,1.7,1
5,399438.261,3875968.868,0.075,0.2377,0.951,0.2377,0.951,0.0,0.1,1
6,399438.431,3875968.702,0.073,0.2377,1.189,0.2377,1.189,0.4,0.7,1
7,399438.601,3875968.536,0.071,0.2377,1.426,0.2378,1.427,0.7,1.2,1
8,399438.771,3875968.370,0.068,0.2377,1.664,0.2378,1.664,0.6,1.1,1
9,399438.941,3875968.203,0.064,0.2377,1.902,0.2378,1.902,0.8,1.4,1
10,399439.111,3875968.037,0.06,0.2377,2.14,0.2378,2.14,1.1,2.0,1
11,399439.281,3875967.871,0.055,0.2377,2.377,0.2378,2.378,1.1,2.0,1
12,399439.451,3875967.705,0.049,0.2377,2.615,0.2378,2.616,1.5,2.7,1
13,399439.621,3875967.539,0.043,0.2377,2.853,0.2378,2.853,1.4,2.5,1
14,399439.791,3875967.373,0.036,0.2377,3.091,0.2378,3.091,1.5,2.6,1
15,399439.961,3875967.206,0.031,0.2377,3.328,0.2378,3.329,1.3,2.3,1
16,399440.131,3875967.040,0.026,0.2377,3.566,0.2378,3.567,1.1,1.9,1
17,399440.300,3875966.874,0.024,0.2377,3.804,0.2378,3.805,0.6,1.1,1
18,399440.470,3875966.708,0.023,0.2377,4.042,0.2377,4.042,0.2,0.4,1
19,399440.640,3875966.542,0.023,0.2377,4.279,0.2377,4.28,0.1,0.1,1
20,399440.810,3875966.375,0.025,0.2377,4.517,0.2377,4.518,0.4,0.7,1
21,399440.980,3875966.209,0.026,0.2377,4.755,0.2377,4.756,0.4,0.7,1
22,399441.150,3875966.043,0.029,0.2377,4.993,0.2378,4.993,0.6,1.0,1
23,399441.320,3875965.877,0.03,0.2377,5.23,0.2377,5.231,0.4,0.8,1
24,399441.490,3875965.711,0.033,0.2377,5.468,0.2378,5.469,0.6,1.0,1
25,399441.660,3875965.545,0.035,0.2377,5.706,0.2377,5.707,0.5,0.8,1
26,399441.830,3875965.378,0.037,0.2377,5.943,0.2378,5.944,0.6,1.0,1
27,399442.000,3875965.212,0.039,0.2377,6.181,0.2377,6.182,0.5,0.9,1
28,399442.170,3875965.046,0.04,0.2377,6.419,0.2377,6.42,0.2,0.4,1
29,399442.340,3875964.880,0.042,0.2377,6.657,0.2377,6.658,0.3,0.6,1
30,399442.509,3875964.714,0.04,0.2377,6.894,0.2377,6.895,0.3,0.5,1
31,399442.679,3875964.547,0.038,0.2377,7.132,0.2378,7.133,0.6,1.1,1
32,399442.849,3875964.381,0.034,0.2377,7.37,0.2378,7.371,0.9,1.5,1
33,399443.019,3875964.215,0.03,0.2377,7.608,0.2378,7.609,1.0,1.7,1
34,399443.189,3875964.049,0.029,0.2377,7.845,0.2377,7.846,0.3,0.5,1
35,399443.359,3875963.883,0.03,0.2377,8.083,0.2377,8.084,0.4,0.6,1
36,399443.529,3875963.717,0.033,0.2377,8.321,0.2378,8.322,0.8,1.3,1
37,399443.699,3875963.550,0.037,0.2377,8.559,0.2378,8.56,0.9,1.5,1
38,399443.869,3875963.384,0.04,0.2377,8.796,0.2378,8.797,0.7,1.2,1
39,399444.039,3875963.218,0.043,0.2377,9.034,0.2378,9.035,0.7,1.2,1
40,399444.209,3875963.052,0.046,0.2377,9.272,0.2378,9.273,0.7,1.2,1
41,399444.379,3875962.886,0.048,0.2377,9.51,0.2378,9.511,0.7,1.2,1
42,399444.549,3875962.719,0.052,0.2377,9.747,0.2378,9.748,0.8,1.4,1
43,399444.718,3875962.553,0.054,0.2377,9.985,0.2378,9.986,0.6,1.1,1
44,399444.888,3875962.387,0.057,0.2377,10.223,0.2378,10.224,0.6,1.0,1
45,399445.058,3875962.221,0.058,0.2377,10.461,0.2377,10.462,0.2,0.4,1
46,399445.228,3875962.055,0.057,0.2377,10.698,0.2377,10.699,0.2,0.4,1
47,399445.398,3875961.889,0.055,0.2377,10.936,0.2377,10.937,0.5,0.8,1
48,399445.568,3875961.722,0.053,0.2377,11.174,0.2378,11.175,0.6,1.0,1
49,399445.738,3875961.556,0.051,0.2377,11.411,0.2377,11.413,0.3,0.5,1
50,399445.908,3875961.390,0.052,0.2377,11.649,0.2377,11.65,0.2,0.3,1
51,399446.078,3875961.224,0.054,0.2377,11.887,0.2377,11.888,0.5,0.9,1
52,399446.248,3875961.058,0.058,0.2377,12.125,0.2378,12.126,0.9,1.6,1
53,399446.418,3875960.892,0.063,0.2377,12.362,0.2378,12.364,1.1,2.0,1
54,399446.588,3875960.725,0.065,0.2377,12.6,0.2378,12.601,0.6,1.0,1
55,399446.757,3875960.559,0.065,0.2377,12.838,0.2377,12.839,0.0,0.1,1
56,399446.927,3875960.393,0.061,0.2377,13.076,0.2378,13.077,0.9,1.6,1
57,399447.097,3875960.227,0.056,0.2377,13.313,0.2378,13.315,1.4,2.4,1
58,399447.267,3875960.061,0.049,0.2377,13.551,0.2378,13.553,1.7,2.9,1
59,399447.437,3875959.894,0.042,0.2377,13.789,0.2378,13.79,1.6,2.8,1
60,399447.607,3875959.728,0.038,0.2377,14.027,0.2378,14.028,1.0,1.7,1
61,399447.777,3875959.562,0.039,0.2377,14.264,0.2377,14.266,0.1,0.2,1
62,399447.947,3875959.396,0.043,0.2377,14.502,0.2378,14.504,1.1,1.9,1
63,399448.117,3875959.230,0.05,0.2377,14.74,0.2378,14.741,1.5,2.6,1
64,399448.287,3875959.064,0.055,0.2377,14.978,0.2378,14.979,1.4,2.4,1
65,399448.457,3875958.897,0.06,0.2377,15.215,0.2378,15.217,1.1,1.9,1
66,399448.627,3875958.731,0.064,0.2377,15.453,0.2378,15.455,0.9,1.6,1
67,399448.797,3875958.565,0.067,0.2377,15.691,0.2378,15.693,0.9,1.5,1
68,399448.966,3875958.399,0.07,0.2377,15.929,0.2378,15.93,0.7,1.2,1
69,399449.136,3875958.233,0.072,0.2377,16.166,0.2377,16.168,0.3,0.6,1
70,399449.306,3875958.066,0.07,0.2377,16.404,0.2377,16.406,0.3,0.6,1
71,399449.476,3875957.900,0.066,0.2377,16.642,0.2378,16.644,0.9,1.5,1
72,399449.646,3875957.734,0.063,0.2377,16.879,0.2378,16.881,0.9,1.5,1
73,399449.816,3875957.568,0.058,0.2377,17.117,0.2378,17.119,1.1,1.9,1
74,399449.986,3875957.402,0.055,0.2377,17.355,0.2378,17.357,0.8,1.4,1
75,399450.156,3875957.236,0.053,0.2377,17.593,0.2378,17.595,0.6,1.0,1
76,399450.326,3875957.069,0.051,0.2377,17.83,0.2377,17.832,0.3,0.5,1
77,399450.496,3875956.903,0.052,0.2377,18.068,0.2377,18.07,0.1,0.2,1
78,399450.666,3875956.737,0.054,0.2377,18.306,0.2377,18.308,0.5,0.8,1
79,399450.836,3875956.571,0.057,0.2377,18.544,0.2378,18.546,0.7,1.2,1
80,399451.006,3875956.405,0.06,0.2377,18.781,0.2378,18.783,0.8,1.3,1
81,399451.175,3875956.239,0.064,0.2377,19.019,0.2378,19.021,1.1,1.9,1
82,399451.345,3875956.072,0.069,0.2377,19.257,0.2378,19.259,1.1,2.0,1
83,399451.515,3875955.906,0.075,0.2377,19.495,0.2378,19.497,1.4,2.5,1
84,399451.685,3875955.740,0.08,0.2377,19.732,0.2378,19.735,1.2,2.2,1
85,399451.855,3875955.574,0.084,0.2377,19.97,0.2378,19.972,1.0,1.7,1
86,399452.025,3875955.408,0.087,0.2377,20.208,0.2378,20.21,0.7,1.2,1
87,399452.195,3875955.241,0.089,0.2377,20.446,0.2377,20.448,0.4,0.6,1
88,399452.365,3875955.075,0.09,0.2377,20.683,0.2377,20.686,0.2,0.4,1
89,399452.535,3875954.909,0.09,0.2377,20.921,0.2377,20.923,0.1,0.2,1
90,399452.705,3875954.743,0.091,0.2377,21.159,0.2377,21.161,0.1,0.2,1
91,399452.875,3875954.577,0.093,0.2377,21.397,0.2377,21.399,0.5,0.9,1
92,399453.045,3875954.411,0.096,0.2377,21.634,0.2378,21.637,0.7,1.2,1
93,399453.215,3875954.244,0.098,0.2377,21.872,0.2378,21.874,0.6,1.1,1
94,399453.384,3875954.078,0.101,0.2377,22.11,0.2378,22.112,0.6,1.0,1
95,399453.554,3875953.912,0.102,0.2377,22.347,0.2377,22.35,0.4,0.6,1
96,399453.724,3875953.746,0.103,0.2377,22.585,0.2377,22.588,0.2,0.4,1
97,399453.894,3875953.580,0.104,0.2377,22.823,0.2377,22.825,0.2,0.3,1
98,399454.064,3875953.413,0.104,0.2377,23.061,0.2377,23.063,0.1,0.1,1
99,399454.234,3875953.247,0.105,0.2377,23.298,0.2377,23.301,0.3,0.6,1
100,399454.404,3875953.081,0.107,0.2377,23.536,0.2377,23.539,0.5,0.9,1
101,399454.574,3875952.915,0.111,0.2377,23.774,0.2378,23.776,0.8,1.3,1
102,399454.744,3875952.749,0.115,0.2377,24.012,0.2378,24.014,1.0,1.8,1
103,399454.914,3875952.583,0.118,0.2377,24.249,0.2378,24.252,0.8,1.4,1
104,399455.084,3875952.416,0.122,0.2377,24.487,0.2378,24.49,1.0,1.7,1
105,399455.254,3875952.250,0.126,0.2377,24.725,0.2378,24.727,0.8,1.4,1
106,399455.424,3875952.084,0.128,0.2377,24.963,0.2378,24.965,0.7,1.1,1
107,399455.593,3875951.918,0.13,0.2377,25.2,0.2377,25.203,0.5,0.8,1
108,399455.763,3875951.752,0.133,0.2377,25.438,0.2378,25.441,0.6,1.1,1
109,399455.933,3875951.586,0.135,0.2377,25.676,0.2378,25.678,0.6,1.1,1
110,399456.103,3875951.419,0.138,0.2377,25.914,0.2378,25.916,0.7,1.2,1
111,399456.273,3875951.253,0.142,0.2377,26.151,0.2378,26.154,0.8,1.4,1
112,399456.443,3875951.087,0.145,0.2377,26.389,0.2378,26.392,0.8,1.4,1
113,399456.613,3875950.921,0.148,0.2377,26.627,0.2378,26.629,0.7,1.3,1
114,399456.783,3875950.755,0.15,0.2377,26.865,0.2377,26.867,0.4,0.8,1
115,399456.953,3875950.588,0.15,0.2377,27.102,0.2377,27.105,0.0,0.1,1
116,399457.123,3875950.422,0.149,0.2377,27.34,0.2377,27.343,0.1,0.2,1
117,399457.293,3875950.256,0.149,0.2377,27.578,0.2377,27.58,0.1,0.1,1
118,399457.463,3875950.090,0.15,0.2377,27.815,0.2377,27.818,0.4,0.7,1
119,399457.633,3875949.924,0.152,0.2377,28.053,0.2377,28.056,0.5,0.9,1
120,399457.802,3875949.758,0.154,0.2377,28.291,0.2377,28.294,0.5,0.8,1
121,399457.972,3875949.591,0.156,0.2377,28.529,0.2377,28.531,0.3,0.6,1
122,399458.142,3875949.425,0.157,0.2377,28.766,0.2377,28.769,0.3,0.6,1
123,399458.312,3875949.259,0.16,0.2377,29.004,0.2378,29.007,0.8,1.4,1
124,399458.482,3875949.093,0.166,0.2377,29.242,0.2378,29.245,1.3,2.4,1
125,399458.652,3875948.927,0.173,0.2377,29.48,0.2379,29.483,1.8,3.1,1
126,399458.822,3875948.760,0.181,0.2377,29.717,0.2379,29.72,1.9,3.4,1
127,399458.992,3875948.594,0.189,0.2377,29.955,0.2379,29.958,1.8,3.1,1
128,399459.162,3875948.428,0.195,0.2377,30.193,0.2378,30.196,1.5,2.7,1
129,399459.332,3875948.262,0.199,0.2377,30.431,0.2378,30.434,0.9,1.6,1
130,399459.502,3875948.096,0.201,0.2377,30.668,0.2377,30.672,0.4,0.6,1
131,399459.672,3875947.930,0.201,0.2377,30.906,0.2377,30.909,0.2,0.3,1
132,399459.842,3875947.763,0.203,0.2377,31.144,0.2377,31.147,0.5,0.9,1
133,399460.011,3875947.597,0.207,0.2377,31.382,0.2378,31.385,1.0,1.7,1
134,399460.181,3875947.431,0.212,0.2377,31.619,0.2378,31.623,1.2,2.1,1
135,399460.351,3875947.265,0.216,0.2377,31.857,0.2378,31.86,0.9,1.5,1
136,399460.521,3875947.099,0.218,0.2377,32.095,0.2378,32.098,0.6,1.0,1
137,399460.691,3875946.933,0.219,0.2377,32.333,0.2377,32.336,0.3,0.5,1
138,399460.861,3875946.766,0.22,0.2377,32.57,0.2377,32.574,0.2,0.4,1
139,399461.031,3875946.600,0.221,0.2377,32.808,0.2377,32.811,0.2,0.3,1
140,399461.201,3875946.434,0.221,0.2377,33.046,0.2377,33.049,0.1,0.2,1
141,399461.371,3875946.268,0.223,0.2377,33.283,0.2377,33.287,0.3,0.6,1
142,399461.541,3875946.102,0.224,0.2377,33.521,0.2377,33.525,0.3,0.6,1
143,399461.711,3875945.935,0.227,0.2377,33.759,0.2378,33.762,0.6,1.1,1
144,399461.881,3875945.769,0.23,0.2377,33.997,0.2378,34,0.7,1.2,1
145,399462.051,3875945.603,0.233,0.2377,34.234,0.2378,34.238,0.8,1.5,1
146,399462.220,3875945.437,0.237,0.2377,34.472,0.2378,34.476,1.0,1.8,1
147,399462.390,3875945.271,0.242,0.2377,34.71,0.2378,34.713,1.1,2.0,1
148,399462.560,3875945.105,0.247,0.2377,34.948,0.2378,34.951,1.2,2.2,1
149,399462.730,3875944.938,0.254,0.2377,35.185,0.2378,35.189,1.6,2.8,1
150,399462.900,3875944.772,0.261,0.2377,35.423,0.2379,35.427,1.8,3.2,1
151,399463.070,3875944.606,0.269,0.2377,35.661,0.2379,35.665,2.0,3.5,1
152,399463.240,3875944.440,0.276,0.2377,35.899,0.2378,35.903,1.7,3.0,1
153,399463.410,3875944.274,0.281,0.2377,36.136,0.2378,36.14,1.0,1.7,1
154,399463.580,3875944.107,0.281,0.2377,36.374,0.2377,36.378,0.1,0.2,1
155,399463.750,3875943.941,0.28,0.2377,36.612,0.2377,36.616,0.2,0.3,1
156,399463.920,3875943.775,0.279,0.2377,36.85,0.2377,36.854,0.4,0.6,1
157,399464.090,3875943.609,0.279,0.2377,37.087,0.2377,37.091,0.1,0.1,1
158,399464.260,3875943.443,0.279,0.2377,37.325,0.2377,37.329,0.1,0.1,1
159,399464.429,3875943.277,0.281,0.2377,37.563,0.2377,37.567,0.5,0.8,1
160,399464.599,3875943.110,0.283,0.2377,37.801,0.2377,37.805,0.5,0.8,1
161,399464.769,3875942.944,0.286,0.2377,38.038,0.2378,38.042,0.7,1.3,1
162,399464.939,3875942.778,0.289,0.2377,38.276,0.2378,38.28,0.9,1.5,1
163,399465.109,3875942.612,0.295,0.2377,38.514,0.2378,38.518,1.3,2.3,1
164,399465.279,3875942.446,0.302,0.2377,38.751,0.2379,38.756,1.8,3.1,1
165,399465.449,3875942.280,0.312,0.2377,38.989,0.2379,38.994,2.4,4.2,1
166,399465.619,3875942.113,0.323,0.2377,39.227,0.238,39.232,2.6,4.6,1
167,399465.789,3875941.947,0.334,0.2377,39.465,0.238,39.47,2.7,4.6,1
168,399465.959,3875941.781,0.344,0.2377,39.702,0.2379,39.708,2.3,4.0,1
169,399466.129,3875941.615,0.352,0.2377,39.94,0.2379,39.946,2.0,3.5,1
170,399466.299,3875941.449,0.361,0.2377,40.178,0.2379,40.183,2.1,3.7,1
171,399466.469,3875941.282,0.371,0.2377,40.416,0.238,40.421,2.6,4.5,1
172,399466.638,3875941.116,0.386,0.2377,40.653,0.2382,40.66,3.5,6.0,1
173,399466.808,3875940.950,0.403,0.2377,40.891,0.2383,40.898,4.1,7.2,1
174,399466.978,3875940.784,0.425,0.2377,41.129,0.2388,41.137,5.3,9.3,1
175,399467.148,3875940.618,0.449,0.2377,41.367,0.2389,41.376,5.8,10.1,1
176,399467.318,3875940.452,0.473,0.2377,41.604,0.239,41.615,5.8,10.2,1
177,399467.488,3875940.285,0.496,0.2377,41.842,0.2388,41.853,5.5,9.6,1
178,399467.658,3875940.119,0.517,0.2377,42.08,0.2387,42.092,5.0,8.8,1
179,399467.828,3875939.953,0.539,0.2377,42.318,0.2388,42.331,5.3,9.3,1
180,399467.998,3875939.787,0.565,0.2377,42.555,0.2392,42.57,6.3,11.0,1
181,399468.168,3875939.621,0.594,0.2377,42.793,0.2395,42.81,7.0,12.3,1
182,399468.338,3875939.454,0.625,0.2377,43.031,0.2397,43.049,7.3,12.9,1
183,399468.508,3875939.288,0.654,0.2377,43.269,0.2395,43.289,7.0,12.3,1
184,399468.678,3875939.122,0.682,0.2377,43.506,0.2394,43.528,6.7,11.8,1
185,399468.847,3875938.956,0.707,0.2377,43.744,0.239,43.767,5.9,10.3,1
186,399469.017,3875938.790,0.73,0.2377,43.982,0.2389,44.006,5.5,9.7,1
187,399469.187,3875938.624,0.749,0.2377,44.219,0.2385,44.245,4.5,7.9,1
188,399469.357,3875938.457,0.763,0.2377,44.457,0.2382,44.483,3.5,6.1,1
189,399469.527,3875938.291,0.773,0.2377,44.695,0.2379,44.721,2.2,3.9,1
190,399469.697,3875938.125,0.777,0.2377,44.933,0.2378,44.959,1.2,2.1,1
191,399469.867,3875937.959,0.78,0.2377,45.17,0.2378,45.196,0.6,1.0,1
192,399470.037,3875937.793,0.782,0.2377,45.408,0.2377,45.434,0.4,0.7,1
193,399470.207,3875937.627,0.785,0.2377,45.646,0.2378,45.672,0.8,1.5,1
194,399470.377,3875937.460,0.789,0.2377,45.884,0.2378,45.91,0.9,1.6,1
195,399470.547,3875937.294,0.796,0.2377,46.121,0.2378,46.147,1.7,2.9,1
196,399470.717,3875937.128,0.803,0.2377,46.359,0.2379,46.385,1.8,3.2,1
197,399470.886,3875936.962,0.81,0.2377,46.597,0.2378,46.623,1.7,2.9,1
198,399471.056,3875936.796,0.815,0.2377,46.835,0.2378,46.861,1.1,1.9,1
199,399471.226,3875936.629,0.817,0.2377,47.072,0.2378,47.099,0.6,1.0,1
200,399471.396,3875936.463,0.82,0.2377,47.31,0.2378,47.336,0.7,1.2,1
201,399471.566,3875936.297,0.826,0.2377,47.548,0.2378,47.574,1.4,2.5,1
202,399471.736,3875936.131,0.834,0.2377,47.786,0.2379,47.812,1.9,3.3,1
203,399471.906,3875935.965,0.841,0.2377,48.023,0.2379,48.05,1.8,3.1,1
204,399472.076,3875935.799,0.846,0.2377,48.261,0.2378,48.288,1.2,2.1,1
205,399472.246,3875935.632,0.85,0.2377,48.499,0.2378,48.525,0.9,1.6,1
206,399472.416,3875935.466,0.852,0.2377,48.737,0.2377,48.763,0.5,0.8,1
207,399472.586,3875935.300,0.856,0.2377,48.974,0.2378,49.001,1.0,1.7,1
208,399472.756,3875935.134,0.859,0.2377,49.212,0.2378,49.239,0.6,1.1,1
209,399472.926,3875934.968,0.859,0.2377,49.45,0.2377,49.476,0.1,0.1,1
210,399473.095,3875934.801,0.855,0.2377,49.687,0.2378,49.714,0.9,1.5,1
211,399473.265,3875934.635,0.85,0.2377,49.925,0.2378,49.952,1.4,2.4,1
212,399473.435,3875934.469,0.847,0.2377,50.163,0.2378,50.19,0.6,1.0,1
213,399473.605,3875934.303,0.847,0.2377,50.401,0.2377,50.428,0.0,0.0,1
214,399473.775,3875934.137,0.853,0.2377,50.638,0.2378,50.665,1.5,2.6,1
215,399473.945,3875933.971,0.859,0.2377,50.876,0.2378,50.903,1.5,2.6,1
216,399474.115,3875933.804,0.871,0.2377,51.114,0.238,51.141,2.7,4.7,1
217,399474.285,3875933.638,0.882,0.2377,51.352,0.238,51.379,2.7,4.7,1
218,399474.455,3875933.472,0.89,0.2377,51.589,0.2379,51.617,1.9,3.3,1
219,399474.625,3875933.306,0.895,0.2377,51.827,0.2378,51.855,1.4,2.4,1
220,399474.795,3875933.140,0.895,0.2377,52.065,0.2377,52.093,0.0,0.1,1
221,399474.965,3875932.973,0.892,0.2377,52.303,0.2378,52.33,0.8,1.4,1
222,399475.135,3875932.807,0.887,0.2377,52.54,0.2378,52.568,1.3,2.2,1
223,399475.304,3875932.641,0.881,0.2377,52.778,0.2378,52.806,1.5,2.7,1
224,399475.474,3875932.475,0.876,0.2377,53.016,0.2378,53.044,1.0,1.7,1
225,399475.644,3875932.309,0.875,0.2377,53.254,0.2377,53.281,0.4,0.7,1
226,399475.814,3875932.143,0.874,0.2377,53.491,0.2377,53.519,0.2,0.4,1
227,399475.984,3875931.976,0.875,0.2377,53.729,0.2377,53.757,0.3,0.5,1
228,399476.154,3875931.810,0.873,0.2377,53.967,0.2378,53.995,0.6,1.0,1
229,399476.324,3875931.644,0.872,0.2377,54.205,0.2377,54.232,0.1,0.1,1
230,399476.494,3875931.478,0.873,0.2377,54.442,0.2377,54.47,0.0,0.1,1
231,399476.664,3875931.312,0.876,0.2377,54.68,0.2378,54.708,0.9,1.5,1
232,399476.834,3875931.146,0.88,0.2377,54.918,0.2378,54.946,1.0,1.7,1
233,399477.004,3875930.979,0.885,0.2377,55.155,0.2378,55.184,1.2,2.1,1
234,399477.174,3875930.813,0.889,0.2377,55.393,0.2378,55.421,0.9,1.6,1
235,399477.344,3875930.647,0.893,0.2377,55.631,0.2378,55.659,0.8,1.4,1
236,399477.513,3875930.481,0.895,0.2377,55.869,0.2377,55.897,0.5,0.9,1
237,399477.683,3875930.315,0.897,0.2377,56.106,0.2377,56.135,0.5,0.9,1
238,399477.853,3875930.148,0.899,0.2377,56.344,0.2377,56.372,0.4,0.7,1
239,399478.023,3875929.982,0.899,0.2377,56.582,0.2377,56.61,0.2,0.4,1
240,399478.193,3875929.816,0.901,0.2377,56.82,0.2377,56.848,0.3,0.5,1
241,399478.363,3875929.650,0.901,0.2377,57.057,0.2377,57.086,0.1,0.1,1
242,399478.533,3875929.484,0.903,0.2377,57.295,0.2377,57.323,0.4,0.7,1
243,399478.703,3875929.318,0.906,0.2377,57.533,0.2378,57.561,0.8,1.5,1
244,399478.873,3875929.151,0.909,0.2377,57.771,0.2378,57.799,0.8,1.4,1
245,399479.043,3875928.985,0.912,0.2377,58.008,0.2378,58.037,0.6,1.0,1
246,399479.213,3875928.819,0.912,0.2377,58.246,0.2377,58.274,0.1,0.2,1
247,399479.383,3875928.653,0.911,0.2377,58.484,0.2377,58.512,0.3,0.5,1
248,399479.553,3875928.487,0.912,0.2377,58.722,0.2377,58.75,0.2,0.4,1
249,399479.722,3875928.320,0.912,0.2377,58.959,0.2377,58.988,0.0,0.0,1
250,399479.892,3875928.154,0.913,0.2377,59.197,0.2377,59.225,0.3,0.5,1
251,399480.062,3875927.988,0.912,0.2377,59.435,0.2377,59.463,0.3,0.5,1
252,399480.232,3875927.822,0.909,0.2377,59.673,0.2378,59.701,0.7,1.3,1
253,399480.402,3875927.656,0.906,0.2377,59.91,0.2378,59.939,0.7,1.2,1
254,399480.572,3875927.490,0.906,0.2377,60.148,0.2377,60.176,0.2,0.4,1
255,399480.742,3875927.323,0.907,0.2377,60.386,0.2377,60.414,0.3,0.6,1
256,399480.912,3875927.157,0.909,0.2377,60.623,0.2378,60.652,0.6,1.1,1
257,399481.082,3875926.991,0.911,0.2377,60.861,0.2377,60.89,0.3,0.5,1
258,399481.252,3875926.825,0.91,0.2377,61.099,0.2377,61.127,0.2,0.3,1
259,399481.422,3875926.659,0.911,0.2377,61.337,0.2377,61.365,0.2,0.3,1
260,399481.592,3875926.493,0.913,0.2377,61.574,0.2378,61.603,0.6,1.1,1
261,399481.762,3875926.326,0.918,0.2377,61.812,0.2378,61.841,1.2,2.1,1
262,399481.931,3875926.160,0.925,0.2377,62.05,0.2378,62.078,1.5,2.6,1
263,399482.101,3875925.994,0.929,0.2377,62.288,0.2378,62.316,1.0,1.8,1
264,399482.271,3875925.828,0.931,0.2377,62.525,0.2377,62.554,0.4,0.8,1
265,399482.441,3875925.662,0.931,0.2377,62.763,0.2377,62.792,0.1,0.2,1
266,399482.611,3875925.495,0.929,0.2377,63.001,0.2378,63.029,0.6,1.0,1
267,399482.781,3875925.329,0.926,0.2377,63.239,0.2378,63.267,0.6,1.0,1
268,399482.951,3875925.163,0.923,0.2377,63.476,0.2378,63.505,0.7,1.3,1
269,399483.121,3875924.997,0.92,0.2377,63.714,0.2378,63.743,0.8,1.3,1
270,399483.291,3875924.831,0.92,0.2377,63.952,0.2377,63.98,0.1,0.1,1
271,399483.461,3875924.665,0.921,0.2377,64.19,0.2377,64.218,0.1,0.3,1
272,399483.631,3875924.498,0.925,0.2377,64.427,0.2378,64.456,1.2,2.0,1
273,399483.801,3875924.332,0.932,0.2377,64.665,0.2378,64.694,1.6,2.8,1
274,399483.971,3875924.166,0.94,0.2377,64.903,0.2379,64.932,1.8,3.1,1
275,399484.140,3875924.000,0.946,0.2377,65.141,0.2378,65.169,1.5,2.6,1
276,399484.310,3875923.834,0.95,0.2377,65.378,0.2378,65.407,1.0,1.8,1
277,399484.480,3875923.667,0.954,0.2377,65.616,0.2378,65.645,1.0,1.8,1
278,399484.650,3875923.501,0.959,0.2377,65.854,0.2378,65.883,1.2,2.1,1
279,399484.820,3875923.335,0.964,0.2377,66.091,0.2378,66.121,1.2,2.1,1
280,399484.990,3875923.169,0.969,0.2377,66.329,0.2378,66.358,1.1,2.0,1
281,399485.160,3875923.003,0.972,0.2377,66.567,0.2378,66.596,0.7,1.2,1
282,399485.330,3875922.837,0.973,0.2377,66.805,0.2377,66.834,0.3,0.5,1
283,399485.500,3875922.670,0.972,0.2377,67.042,0.2377,67.072,0.2,0.4,1
284,399485.670,3875922.504,0.97,0.2377,67.28,0.2377,67.309,0.5,0.8,1
285,399485.840,3875922.338,0.967,0.2377,67.518,0.2378,67.547,0.7,1.3,1
286,399486.010,3875922.172,0.964,0.2377,67.756,0.2378,67.785,0.8,1.4,1
287,399486.180,3875922.006,0.96,0.2377,67.993,0.2378,68.023,1.0,1.8,1
288,399486.349,3875921.840,0.956,0.2377,68.231,0.2378,68.26,1.0,1.7,1
289,399486.519,3875921.673,0.953,0.2377,68.469,0.2378,68.498,0.7,1.1,1
290,399486.689,3875921.507,0.95,0.2377,68.707,0.2378,68.736,0.6,1.1,1
291,399486.859,3875921.341,0.951,0.2377,68.944,0.2377,68.974,0.1,0.2,1
292,399487.029,3875921.175,0.949,0.2377,69.182,0.2377,69.211,0.5,0.8,1
293,399487.199,3875921.009,0.948,0.2377,69.42,0.2377,69.449,0.1,0.2,1
294,399487.369,3875920.842,0.947,0.2377,69.658,0.2377,69.687,0.3,0.6,1
295,399487.539,3875920.676,0.946,0.2377,69.895,0.2377,69.925,0.1,0.2,1
296,399487.709,3875920.510,0.952,0.2377,70.133,0.2378,70.162,1.3,2.3,1
297,399487.879,3875920.344,0.961,0.2377,70.371,0.2379,70.4,2.1,3.6,1
298,399488.049,3875920.178,0.971,0.2377,70.609,0.238,70.638,2.6,4.5,1
299,399488.219,3875920.012,0.979,0.2377,70.846,0.2379,70.876,1.9,3.4,1
300,399488.389,3875919.845,0.985,0.2377,71.084,0.2378,71.114,1.3,2.2,1
301,399488.558,3875919.679,0.988,0.2377,71.322,0.2378,71.352,0.7,1.3,1
302,399488.728,3875919.513,0.99,0.2377,71.559,0.2378,71.589,0.7,1.2,1
303,399488.898,3875919.347,0.992,0.2377,71.797,0.2377,71.827,0.5,0.8,1
304,399489.068,3875919.181,0.993,0.2377,72.035,0.2377,72.065,0.2,0.3,1
305,399489.238,3875919.014,0.991,0.2377,72.273,0.2378,72.303,0.5,1.0,1
306,399489.408,3875918.848,0.986,0.2377,72.51,0.2378,72.541,1.2,2.1,1
307,399489.578,3875918.682,0.981,0.2377,72.748,0.2378,72.778,1.0,1.8,1
308,399489.748,3875918.516,0.976,0.2377,72.986,0.2378,73.016,1.3,2.4,1
309,399489.918,3875918.350,0.973,0.2377,73.224,0.2378,73.254,0.8,1.3,1
310,399490.088,3875918.184,0.973,0.2377,73.461,0.2377,73.492,0.1,0.1,1
311,399490.258,3875918.017,0.978,0.2377,73.699,0.2378,73.729,1.1,1.9,1
312,399490.428,3875917.851,0.987,0.2377,73.937,0.2379,73.967,2.4,4.1,1
313,399490.598,3875917.685,1.002,0.2377,74.175,0.2382,74.206,3.6,6.3,1
314,399490.767,3875917.519,1.02,0.2377,74.412,0.2384,74.444,4.1,7.2,1
315,399490.937,3875917.353,1.036,0.2377,74.65,0.2383,74.682,3.9,6.9,1
316,399491.107,3875917.187,1.046,0.2377,74.888,0.2379,74.92,2.4,4.2,1
317,399491.277,3875917.020,1.044,0.2377,75.126,0.2377,75.158,0.4,0.7,1
318,399491.447,3875916.854,1.035,0.2377,75.363,0.2379,75.396,2.3,3.9,1
319,399491.617,3875916.688,1.023,0.2377,75.601,0.238,75.634,2.8,4.9,1
320,399491.787,3875916.522,1.013,0.2377,75.839,0.238,75.872,2.5,4.4,1
321,399491.957,3875916.356,1.006,0.2377,76.077,0.2378,76.11,1.7,3.0,1
322,399492.127,3875916.189,1.001,0.2377,76.314,0.2378,76.347,1.1,2.0,1
323,399492.297,3875916.023,0.996,0.2377,76.552,0.2378,76.585,1.1,1.9,1
324,399492.467,3875915.857,0.994,0.2377,76.79,0.2377,76.823,0.5,0.9,1
325,399492.637,3875915.691,0.991,0.2377,77.027,0.2378,77.061,0.7,1.2,1
326,399492.807,3875915.525,0.991,0.2377,77.265,0.2377,77.298,0.1,0.2,1
327,399492.976,3875915.359,0.989,0.2377,77.503,0.2377,77.536,0.5,0.9,1
328,399493.146,3875915.192,0.987,0.2377,77.741,0.2377,77.774,0.3,0.6,1
329,399493.316,3875915.026,0.984,0.2377,77.978,0.2378,78.012,0.7,1.2,1
330,399493.486,3875914.860,0.981,0.2377,78.216,0.2378,78.249,0.8,1.4,1
331,399493.656,3875914.694,0.977,0.2377,78.454,0.2378,78.487,1.0,1.7,1
332,399493.826,3875914.528,0.972,0.2377,78.692,0.2378,78.725,1.2,2.0,1
333,399493.996,3875914.361,0.967,0.2377,78.929,0.2378,78.963,1.2,2.0,1
334,399494.166,3875914.195,0.963,0.2377,79.167,0.2378,79.201,0.9,1.6,1
335,399494.336,3875914.029,0.962,0.2377,79.405,0.2377,79.438,0.2,0.4,1
336,399494.506,3875913.863,0.963,0.2377,79.643,0.2377,79.676,0.3,0.4,1
337,399494.676,3875913.697,0.967,0.2377,79.88,0.2378,79.914,0.8,1.4,1
338,399494.846,3875913.531,0.97,0.2377,80.118,0.2378,80.152,0.8,1.3,1
339,399495.015,3875913.364,0.973,0.2377,80.356,0.2378,80.389,0.7,1.3,1
340,399495.185,3875913.198,0.978,0.2377,80.594,0.2378,80.627,1.2,2.1,1
341,399495.355,3875913.032,0.982,0.2377,80.831,0.2378,80.865,1.0,1.8,1
342,399495.525,3875912.866,0.989,0.2377,81.069,0.2378,81.103,1.7,3.0,1
343,399495.695,3875912.700,0.995,0.2377,81.307,0.2378,81.341,1.5,2.6,1
344,399495.865,3875912.534,1.004,0.2377,81.545,0.2379,81.578,2.1,3.6,1
345,399496.035,3875912.367,1.011,0.2377,81.782,0.2378,81.816,1.7,3.0,1
346,399496.205,3875912.201,1.017,0.2377,82.02,0.2378,82.054,1.5,2.5,1
347,399496.375,3875912.035,1.023,0.2377,82.258,0.2378,82.292,1.4,2.5,1
348,399496.545,3875911.869,1.027,0.2377,82.495,0.2378,82.53,1.1,1.8,1
349,399496.715,3875911.703,1.032,0.2377,82.733,0.2378,82.768,1.2,2.2,1
350,399496.885,3875911.536,1.039,0.2377,82.971,0.2378,83.005,1.7,2.9,1
351,399497.055,3875911.370,1.044,0.2377,83.209,0.2378,83.243,1.2,2.0,1
352,399497.224,3875911.204,1.047,0.2377,83.446,0.2378,83.481,0.7,1.3,1
353,399497.394,3875911.038,1.045,0.2377,83.684,0.2377,83.719,0.4,0.8,1
354,399497.564,3875910.872,1.043,0.2377,83.922,0.2378,83.956,0.6,1.1,1
355,399497.734,3875910.706,1.042,0.2377,84.16,0.2377,84.194,0.2,0.3,1
356,399497.904,3875910.539,1.045,0.2377,84.397,0.2378,84.432,0.6,1.1,1
357,399498.074,3875910.373,1.05,0.2377,84.635,0.2378,84.67,1.3,2.2,1
358,399498.244,3875910.207,1.056,0.2377,84.873,0.2378,84.907,1.4,2.4,1
359,399498.414,3875910.041,1.06,0.2377,85.111,0.2378,85.145,1.1,2.0,1
360,399498.584,3875909.875,1.064,0.2377,85.348,0.2378,85.383,0.8,1.4,1
361,399498.754,3875909.708,1.063,0.2377,85.586,0.2377,85.621,0.1,0.1,1
362,399498.924,3875909.542,1.06,0.2377,85.824,0.2378,85.859,0.9,1.6,1
363,399499.094,3875909.376,1.055,0.2377,86.062,0.2378,86.096,1.1,1.9,1
364,399499.264,3875909.210,1.053,0.2377,86.299,0.2377,86.334,0.5,0.9,1
365,399499.433,3875909.044,1.054,0.2377,86.537,0.2377,86.572,0.4,0.6,1
366,399499.603,3875908.878,1.056,0.2377,86.775,0.2377,86.81,0.5,0.8,1
367,399499.773,3875908.711,1.054,0.2377,87.013,0.2377,87.047,0.5,0.9,1
368,399499.943,3875908.545,1.046,0.2377,87.25,0.2379,87.285,1.9,3.3,1
369,399500.113,3875908.379,1.035,0.2377,87.488,0.238,87.523,2.7,4.7,1
370,399500.283,3875908.213,1.024,0.2377,87.726,0.238,87.761,2.7,4.8,1
371,399500.453,3875908.047,1.015,0.2377,87.963,0.2379,87.999,2.2,3.8,1
372,399500.623,3875907.881,1.01,0.2377,88.201,0.2378,88.237,1.2,2.2,1
373,399500.793,3875907.714,1.009,0.2377,88.439,0.2377,88.475,0.2,0.3,1
374,399500.963,3875907.548,1.014,0.2377,88.677,0.2378,88.712,1.3,2.2,1
375,399501.133,3875907.382,1.024,0.2377,88.914,0.2379,88.95,2.4,4.2,1
376,399501.303,3875907.216,1.037,0.2377,89.152,0.2381,89.188,3.2,5.6,1
377,399501.473,3875907.050,1.053,0.2377,89.39,0.2382,89.427,3.7,6.4,1
378,399501.642,3875906.883,1.067,0.2377,89.628,0.2382,89.665,3.5,6.1,1
379,399501.812,3875906.717,1.079,0.2377,89.865,0.238,89.903,2.9,5.1,1
380,399501.982,3875906.551,1.088,0.2377,90.103,0.2379,90.141,2.2,3.8,1
381,399502.152,3875906.385,1.092,0.2377,90.341,0.2378,90.379,1.0,1.8,1
382,399502.322,3875906.219,1.093,0.2377,90.579,0.2377,90.616,0.1,0.3,1
383,399502.492,3875906.053,1.091,0.2377,90.816,0.2377,90.854,0.4,0.8,1
384,399502.662,3875905.886,1.089,0.2377,91.054,0.2378,91.092,0.6,1.0,1
385,399502.832,3875905.720,1.089,0.2377,91.292,0.2377,91.33,0.0,0.0,1
386,399503.002,3875905.554,1.091,0.2377,91.53,0.2378,91.567,0.6,1.1,1
387,399503.172,3875905.388,1.094,0.2377,91.767,0.2378,91.805,0.8,1.4,1
388,399503.342,3875905.222,1.097,0.2377,92.005,0.2377,92.043,0.5,0.9,1
389,399503.512,3875905.055,1.098,0.2377,92.243,0.2377,92.281,0.2,0.4,1
390,399503.682,3875904.889,1.097,0.2377,92.481,0.2377,92.518,0.1,0.1,1
391,399503.851,3875904.723,1.098,0.2377,92.718,0.2377,92.756,0.2,0.3,1
392,399504.021,3875904.557,1.099,0.2377,92.956,0.2377,92.994,0.3,0.5,1
393,399504.191,3875904.391,1.1,0.2377,93.194,0.2377,93.232,0.1,0.2,1
394,399504.361,3875904.225,1.1,0.2377,93.431,0.2377,93.469,0.0,0.1,1
395,399504.531,3875904.058,1.097,0.2377,93.669,0.2378,93.707,0.6,1.1,1
396,399504.701,3875903.892,1.095,0.2377,93.907,0.2377,93.945,0.4,0.8,1
397,399504.871,3875903.726,1.094,0.2377,94.145,0.2377,94.183,0.4,0.6,1
398,399505.041,3875903.560,1.095,0.2377,94.382,0.2377,94.42,0.2,0.4,1
399,399505.211,3875903.394,1.096,0.2377,94.62,0.2377,94.658,0.4,0.7,1
400,399505.381,3875903.227,1.099,0.2377,94.858,0.2378,94.896,0.6,1.0,1
401,399505.551,3875903.061,1.101,0.2377,95.096,0.2377,95.134,0.5,0.8,1
402,399505.721,3875902.895,1.103,0.2377,95.333,0.2378,95.371,0.6,1.1,1
403,399505.891,3875902.729,1.106,0.2377,95.571,0.2378,95.609,0.7,1.2,1
404,399506.060,3875902.563,1.11,0.2377,95.809,0.2378,95.847,1.0,1.7,1
405,399506.230,3875902.397,1.114,0.2377,96.047,0.2378,96.085,0.9,1.5,1
406,399506.400,3875902.230,1.117,0.2377,96.284,0.2378,96.322,0.8,1.5,1
407,399506.570,3875902.064,1.119,0.2377,96.522,0.2377,96.56,0.5,0.9,1
408,399506.740,3875901.898,1.12,0.2377,96.76,0.2377,96.798,0.3,0.5,1
409,399506.910,3875901.732,1.121,0.2377,96.998,0.2377,97.036,0.1,0.2,1
410,399507.080,3875901.566,1.121,0.2377,97.235,0.2377,97.273,0.1,0.1,1
411,399507.250,3875901.400,1.12,0.2377,97.473,0.2377,97.511,0.1,0.1,1
412,399507.420,3875901.233,1.119,0.2377,97.711,0.2377,97.749,0.2,0.4,1
413,399507.590,3875901.067,1.119,0.2377,97.949,0.2377,97.987,0.2,0.3,1
414,399507.760,3875900.901,1.118,0.2377,98.186,0.2377,98.224,0.2,0.4,1
415,399507.930,3875900.735,1.118,0.2377,98.424,0.2377,98.462,0.1,0.1,1
416,399508.100,3875900.569,1.118,0.2377,98.662,0.2377,98.7,0.1,0.2,1
417,399508.269,3875900.402,1.117,0.2377,98.899,0.2377,98.938,0.2,0.3,1
418,399508.439,3875900.236,1.114,0.2377,99.137,0.2378,99.175,0.6,1.0,1
419,399508.609,3875900.070,1.111,0.2377,99.375,0.2378,99.413,0.8,1.4,1
420,399508.779,3875899.904,1.108,0.2377,99.613,0.2378,99.651,0.8,1.3,1
421,399508.949,3875899.738,1.105,0.2377,99.85,0.2378,99.889,0.6,1.1,1
422,399509.119,3875899.572,1.104,0.2377,100.09,0.2377,100.13,0.3,0.5,1
423,399509.289,3875899.405,1.104,0.2377,100.33,0.2377,100.36,0.1,0.1,1
424,399509.459,3875899.239,1.105,0.2377,100.56,0.2377,100.6,0.2,0.4,1
425,399509.629,3875899.073,1.107,0.2377,100.8,0.2377,100.84,0.5,0.9,1
426,399509.799,3875898.907,1.11,0.2377,101.04,0.2378,101.08,0.7,1.3,1
427,399509.969,3875898.741,1.113,0.2377,101.28,0.2378,101.32,0.8,1.4,1
428,399510.139,3875898.574,1.117,0.2377,101.51,0.2378,101.55,0.8,1.5,1
429,399510.309,3875898.408,1.12,0.2377,101.75,0.2378,101.79,0.8,1.4,1
430,399510.478,3875898.242,1.124,0.2377,101.99,0.2378,102.03,1.0,1.7,1
431,399510.648,3875898.076,1.127,0.2377,102.23,0.2378,102.27,0.7,1.2,1
432,399510.818,3875897.910,1.128,0.2377,102.47,0.2377,102.5,0.3,0.5,1
433,399510.988,3875897.744,1.125,0.2377,102.7,0.2378,102.74,0.9,1.6,1
434,399511.158,3875897.577,1.119,0.2377,102.94,0.2378,102.98,1.4,2.4,1
435,399511.328,3875897.411,1.113,0.2377,103.18,0.2378,103.22,1.4,2.5,1
436,399511.498,3875897.245,1.109,0.2377,103.42,0.2378,103.45,0.9,1.6,1
437,399511.668,3875897.079,1.108,0.2377,103.65,0.2377,103.69,0.3,0.5,1
438,399511.838,3875896.913,1.109,0.2377,103.89,0.2377,103.93,0.2,0.4,1
439,399512.008,3875896.747,1.11,0.2377,104.13,0.2377,104.17,0.4,0.7,1
440,399512.178,3875896.580,1.112,0.2377,104.37,0.2377,104.41,0.5,0.8,1
441,399512.348,3875896.414,1.115,0.2377,104.61,0.2378,104.64,0.6,1.1,1
442,399512.518,3875896.248,1.118,0.2377,104.84,0.2378,104.88,0.7,1.3,1
443,399512.687,3875896.082,1.121,0.2377,105.08,0.2378,105.12,0.8,1.4,1
444,399512.857,3875895.916,1.125,0.2377,105.32,0.2378,105.36,1.0,1.7,1
445,399513.027,3875895.749,1.128,0.2377,105.56,0.2378,105.59,0.8,1.4,1
446,399513.197,3875895.583,1.132,0.2377,105.79,0.2378,105.83,0.8,1.4,1
447,399513.367,3875895.417,1.135,0.2377,106.03,0.2378,106.07,0.8,1.3,1
448,399513.537,3875895.251,1.137,0.2377,106.27,0.2378,106.31,0.7,1.2,1
449,399513.707,3875895.085,1.14,0.2377,106.51,0.2378,106.55,0.6,1.1,1
450,399513.877,3875894.919,1.142,0.2377,106.74,0.2377,106.78,0.4,0.8,1
451,399514.047,3875894.752,1.143,0.2377,106.98,0.2377,107.02,0.2,0.4,1
452,399514.217,3875894.586,1.144,0.2377,107.22,0.2377,107.26,0.2,0.3,1
453,399514.387,3875894.420,1.145,0.2377,107.46,0.2377,107.5,0.3,0.5,1
454,399514.557,3875894.254,1.146,0.2377,107.7,0.2377,107.73,0.2,0.4,1
455,399514.727,3875894.088,1.147,0.2377,107.93,0.2377,107.97,0.2,0.4,1
456,399514.896,3875893.921,1.147,0.2377,108.17,0.2377,108.21,0.1,0.2,1
457,399515.066,3875893.755,1.147,0.2377,108.41,0.2377,108.45,0.0,0.0,1
458,399515.236,3875893.589,1.147,0.2377,108.65,0.2377,108.69,0.0,0.0,1
459,399515.406,3875893.423,1.147,0.2377,108.88,0.2377,108.92,0.0,0.1,1
460,399515.576,3875893.257,1.147,0.2377,109.12,0.2377,109.16,0.0,0.1,1
461,399515.746,3875893.091,1.147,0.2377,109.36,0.2377,109.4,0.1,0.1,1
462,399515.916,3875892.924,1.148,0.2377,109.6,0.2377,109.64,0.1,0.2,1
463,399516.086,3875892.758,1.149,0.2377,109.84,0.2377,109.87,0.3,0.5,1
464,399516.256,3875892.592,1.151,0.2377,110.07,0.2377,110.11,0.4,0.7,1
465,399516.426,3875892.426,1.152,0.2377,110.31,0.2377,110.35,0.2,0.4,1
466,399516.596,3875892.260,1.152,0.2377,110.55,0.2377,110.59,0.1,0.2,1
467,399516.766,3875892.094,1.151,0.2377,110.79,0.2377,110.83,0.2,0.4,1
468,399516.936,3875891.927,1.15,0.2377,111.02,0.2377,111.06,0.3,0.5,1
469,399517.105,3875891.761,1.149,0.2377,111.26,0.2377,111.3,0.3,0.5,1
470,399517.275,3875891.595,1.148,0.2377,111.5,0.2377,111.54,0.3,0.5,1
471,399517.445,3875891.429,1.147,0.2377,111.74,0.2377,111.78,0.2,0.4,1
472,399517.615,3875891.263,1.146,0.2377,111.98,0.2377,112.01,0.2,0.3,1
473,399517.785,3875891.096,1.146,0.2377,112.21,0.2377,112.25,0.0,0.1,1
474,399517.955,3875890.930,1.146,0.2377,112.45,0.2377,112.49,0.0,0.0,1
475,399518.125,3875890.764,1.148,0.2377,112.69,0.2377,112.73,0.3,0.6,1
476,399518.295,3875890.598,1.149,0.2377,112.93,0.2377,112.96,0.3,0.5,1
477,399518.465,3875890.432,1.15,0.2377,113.16,0.2377,113.2,0.2,0.3,1
478,399518.635,3875890.266,1.151,0.2377,113.4,0.2377,113.44,0.2,0.4,1
479,399518.805,3875890.099,1.151,0.2377,113.64,0.2377,113.68,0.2,0.3,1
480,399518.975,3875889.933,1.153,0.2377,113.88,0.2377,113.92,0.3,0.6,1
481,399519.144,3875889.767,1.154,0.2377,114.11,0.2377,114.15,0.3,0.6,1
482,399519.314,3875889.601,1.155,0.2377,114.35,0.2377,114.39,0.3,0.5,1
483,399519.484,3875889.435,1.157,0.2377,114.59,0.2377,114.63,0.4,0.7,1
484,399519.654,3875889.268,1.157,0.2377,114.83,0.2377,114.87,0.2,0.3,1
485,399519.824,3875889.102,1.159,0.2377,115.07,0.2377,115.1,0.4,0.6,1
486,399519.994,3875888.936,1.161,0.2377,115.3,0.2377,115.34,0.4,0.7,1
487,399520.164,3875888.770,1.163,0.2377,115.54,0.2378,115.58,0.7,1.2,1
488,399520.334,3875888.604,1.166,0.2377,115.78,0.2378,115.82,0.7,1.2,1
489,399520.504,3875888.438,1.169,0.2377,116.02,0.2378,116.06,0.6,1.0,1
490,399520.674,3875888.271,1.171,0.2377,116.25,0.2377,116.29,0.4,0.8,1
491,399520.844,3875888.105,1.171,0.2377,116.49,0.2377,116.53,0.1,0.2,1
492,399521.014,3875887.939,1.17,0.2377,116.73,0.2377,116.77,0.3,0.5,1
493,399521.184,3875887.773,1.168,0.2377,116.97,0.2377,117.01,0.4,0.8,1
494,399521.353,3875887.607,1.166,0.2377,117.21,0.2377,117.24,0.5,0.9,1
495,399521.523,3875887.441,1.166,0.2377,117.44,0.2377,117.48,0.0,0.0,1
496,399521.693,3875887.274,1.168,0.2377,117.68,0.2377,117.72,0.5,0.9,1
497,399521.863,3875887.108,1.171,0.2377,117.92,0.2378,117.96,0.7,1.3,1
498,399522.033,3875886.942,1.173,0.2377,118.16,0.2378,118.2,0.6,1.1,1
499,399522.203,3875886.776,1.175,0.2377,118.39,0.2377,118.43,0.4,0.8,1
500,399522.373,3875886.610,1.177,0.2377,118.63,0.2377,118.67,0.4,0.6,1
501,399522.543,3875886.443,1.178,0.2377,118.87,0.2377,118.91,0.4,0.7,1
502,399522.713,3875886.277,1.181,0.2377,119.11,0.2378,119.15,0.5,1.0,1
503,399522.883,3875886.111,1.184,0.2377,119.35,0.2378,119.38,0.7,1.2,1
504,399523.053,3875885.945,1.187,0.2377,119.58,0.2378,119.62,0.7,1.2,1
505,399523.223,3875885.779,1.19,0.2377,119.82,0.2378,119.86,0.8,1.3,1
506,399523.393,3875885.613,1.193,0.2377,120.06,0.2378,120.1,0.8,1.4,1
507,399523.562,3875885.446,1.197,0.2377,120.3,0.2378,120.34,1.0,1.8,1
508,399523.732,3875885.280,1.202,0.2377,120.53,0.2378,120.57,1.1,1.9,1
509,399523.902,3875885.114,1.207,0.2377,120.77,0.2378,120.81,1.3,2.2,1
510,399524.072,3875884.948,1.212,0.2377,121.01,0.2378,121.05,1.1,1.9,1
511,399524.242,3875884.782,1.215,0.2377,121.25,0.2378,121.29,0.8,1.4,1
512,399524.412,3875884.615,1.216,0.2377,121.48,0.2377,121.52,0.3,0.5,1
513,399524.582,3875884.449,1.215,0.2377,121.72,0.2377,121.76,0.3,0.6,1
514,399524.752,3875884.283,1.211,0.2377,121.96,0.2378,122,0.9,1.5,1
515,399524.922,3875884.117,1.207,0.2377,122.2,0.2378,122.24,1.0,1.8,1
516,399525.092,3875883.951,1.204,0.2377,122.44,0.2378,122.47,0.8,1.4,1
517,399525.262,3875883.785,1.202,0.2377,122.67,0.2377,122.71,0.4,0.6,1
518,399525.432,3875883.618,1.202,0.2377,122.91,0.2377,122.95,0.0,0.1,1
519,399525.602,3875883.452,1.203,0.2377,123.15,0.2377,123.19,0.3,0.5,1
520,399525.771,3875883.286,1.206,0.2377,123.39,0.2378,123.43,0.6,1.0,1
521,399525.941,3875883.120,1.209,0.2377,123.62,0.2378,123.66,0.7,1.2,1
522,399526.111,3875882.954,1.212,0.2377,123.86,0.2378,123.9,0.7,1.3,1
523,399526.281,3875882.788,1.214,0.2377,124.1,0.2378,124.14,0.7,1.2,1
524,399526.451,3875882.621,1.217,0.2377,124.34,0.2378,124.38,0.7,1.3,1
525,399526.621,3875882.455,1.22,0.2377,124.58,0.2378,124.61,0.7,1.2,1
526,399526.791,3875882.289,1.223,0.2377,124.81,0.2378,124.85,0.7,1.3,1
527,399526.961,3875882.123,1.225,0.2377,125.05,0.2377,125.09,0.5,0.9,1
528,399527.131,3875881.957,1.227,0.2377,125.29,0.2377,125.33,0.4,0.7,1
529,399527.301,3875881.790,1.227,0.2377,125.53,0.2377,125.57,0.1,0.2,1
530,399527.471,3875881.624,1.228,0.2377,125.76,0.2377,125.8,0.2,0.4,1
531,399527.641,3875881.458,1.23,0.2377,126,0.2377,126.04,0.5,0.9,1
532,399527.811,3875881.292,1.234,0.2377,126.24,0.2378,126.28,0.8,1.4,1
533,399527.980,3875881.126,1.237,0.2377,126.48,0.2378,126.52,0.7,1.2,1
534,399528.150,3875880.960,1.238,0.2377,126.71,0.2377,126.75,0.5,0.8,1
535,399528.320,3875880.793,1.239,0.2377,126.95,0.2377,126.99,0.1,0.1,1
536,399528.490,3875880.627,1.239,0.2377,127.19,0.2377,127.23,0.0,0.1,1
537,399528.660,3875880.461,1.24,0.2377,127.43,0.2377,127.47,0.3,0.6,1
538,399528.830,3875880.295,1.243,0.2377,127.67,0.2378,127.71,0.6,1.0,1
539,399529.000,3875880.129,1.245,0.2377,127.9,0.2378,127.94,0.7,1.2,1
540,399529.170,3875879.962,1.247,0.2377,128.14,0.2377,128.18,0.5,0.8,1
541,399529.340,3875879.796,1.249,0.2377,128.38,0.2377,128.42,0.3,0.6,1
542,399529.510,3875879.630,1.25,0.2377,128.62,0.2377,128.66,0.3,0.5,1
543,399529.680,3875879.464,1.252,0.2377,128.85,0.2377,128.89,0.5,0.9,1
544,399529.850,3875879.298,1.255,0.2377,129.09,0.2378,129.13,0.6,1.0,1
545,399530.020,3875879.132,1.257,0.2377,129.33,0.2378,129.37,0.7,1.2,1
546,399530.189,3875878.965,1.259,0.2377,129.57,0.2377,129.61,0.4,0.7,1
547,399530.359,3875878.799,1.26,0.2377,129.81,0.2377,129.85,0.2,0.4,1
548,399530.529,3875878.633,1.26,0.2377,130.04,0.2377,130.08,0.1,0.2,1
549,399530.699,3875878.467,1.26,0.2377,130.28,0.2377,130.32,0.0,0.0,1
550,399530.869,3875878.301,1.26,0.2377,130.52,0.2377,130.56,0.1,0.1,1
551,399531.039,3875878.135,1.262,0.2377,130.76,0.2377,130.8,0.4,0.6,1
552,399531.209,3875877.968,1.265,0.2377,130.99,0.2378,131.03,0.6,1.1,1
553,399531.379,3875877.802,1.269,0.2377,131.23,0.2378,131.27,1.1,1.9,1
554,399531.549,3875877.636,1.273,0.2377,131.47,0.2378,131.51,1.1,1.9,1
555,399531.719,3875877.470,1.278,0.2377,131.71,0.2378,131.75,1.1,1.9,1
556,399531.889,3875877.304,1.282,0.2377,131.95,0.2378,131.98,0.9,1.5,1
557,399532.059,3875877.137,1.284,0.2377,132.18,0.2378,132.22,0.6,1.1,1
558,399532.229,3875876.971,1.285,0.2377,132.42,0.2377,132.46,0.2,0.4,1
559,399532.398,3875876.805,1.284,0.2377,132.66,0.2377,132.7,0.2,0.3,1
560,399532.568,3875876.639,1.283,0.2377,132.9,0.2377,132.94,0.3,0.6,1
561,399532.738,3875876.473,1.282,0.2377,133.13,0.2377,133.17,0.2,0.4,1
562,399532.908,3875876.307,1.282,0.2377,133.37,0.2377,133.41,0.1,0.2,1
563,399533.078,3875876.140,1.282,0.2377,133.61,0.2377,133.65,0.1,0.2,1
564,399533.248,3875875.974,1.283,0.2377,133.85,0.2377,133.89,0.3,0.4,1
565,399533.418,3875875.808,1.284,0.2377,134.08,0.2377,134.12,0.4,0.6,1
566,399533.588,3875875.642,1.285,0.2377,134.32,0.2377,134.36,0.2,0.3,1
567,399533.758,3875875.476,1.285,0.2377,134.56,0.2377,134.6,0.0,0.0,1
568,399533.928,3875875.309,1.284,0.2377,134.8,0.2377,134.84,0.2,0.4,1
569,399534.098,3875875.143,1.284,0.2377,135.04,0.2377,135.08,0.0,0.0,1
570,399534.268,3875874.977,1.285,0.2377,135.27,0.2377,135.31,0.1,0.2,1
571,399534.438,3875874.811,1.287,0.2377,135.51,0.2377,135.55,0.5,0.8,1
572,399534.607,3875874.645,1.289,0.2377,135.75,0.2378,135.79,0.6,1.0,1
573,399534.777,3875874.479,1.292,0.2377,135.99,0.2378,136.03,0.7,1.2,1
574,399534.947,3875874.312,1.295,0.2377,136.22,0.2378,136.26,0.7,1.3,1
575,399535.117,3875874.146,1.298,0.2377,136.46,0.2378,136.5,0.8,1.4,1
576,399535.287,3875873.980,1.303,0.2377,136.7,0.2378,136.74,1.0,1.8,1
577,399535.457,3875873.814,1.307,0.2377,136.94,0.2378,136.98,1.0,1.8,1
578,399535.627,3875873.648,1.311,0.2377,137.18,0.2378,137.22,1.0,1.8,1
579,399535.797,3875873.482,1.314,0.2377,137.41,0.2378,137.45,0.8,1.4,1
580,399535.967,3875873.315,1.317,0.2377,137.65,0.2378,137.69,0.6,1.1,1
581,399536.137,3875873.149,1.319,0.2377,137.89,0.2377,137.93,0.4,0.7,1
582,399536.307,3875872.983,1.32,0.2377,138.13,0.2377,138.17,0.3,0.6,1
583,399536.477,3875872.817,1.322,0.2377,138.36,0.2377,138.4,0.4,0.6,1
584,399536.647,3875872.651,1.323,0.2377,138.6,0.2377,138.64,0.5,0.8,1
585,399536.816,3875872.484,1.326,0.2377,138.84,0.2378,138.88,0.7,1.2,1
586,399536.986,3875872.318,1.329,0.2377,139.08,0.2378,139.12,0.7,1.2,1
587,399537.156,3875872.152,1.331,0.2377,139.32,0.2377,139.36,0.4,0.7,1
588,399537.326,3875871.986,1.332,0.2377,139.55,0.2377,139.59,0.2,0.4,1
589,399537.496,3875871.820,1.332,0.2377,139.79,0.2377,139.83,0.0,0.0,1
590,399537.666,3875871.654,1.332,0.2377,140.03,0.2377,140.07,0.1,0.3,1
591,399537.836,3875871.487,1.334,0.2377,140.27,0.2377,140.31,0.3,0.6,1
592,399538.006,3875871.321,1.335,0.2377,140.5,0.2377,140.54,0.3,0.6,1
593,399538.176,3875871.155,1.335,0.2377,140.74,0.2377,140.78,0.1,0.2,1
594,399538.346,3875870.989,1.332,0.2377,140.98,0.2378,141.02,0.6,1.1,1
595,399538.516,3875870.823,1.328,0.2377,141.22,0.2378,141.26,0.9,1.6,1
596,399538.686,3875870.656,1.325,0.2377,141.45,0.2378,141.49,0.9,1.5,1
597,399538.856,3875870.490,1.323,0.2377,141.69,0.2377,141.73,0.4,0.8,1
598,399539.025,3875870.324,1.323,0.2377,141.93,0.2377,141.97,0.0,0.1,1
599,399539.195,3875870.158,1.325,0.2377,142.17,0.2377,142.21,0.5,1.0,1
600,399539.365,3875869.992,1.329,0.2377,142.41,0.2378,142.45,0.9,1.7,1
601,399539.535,3875869.826,1.334,0.2377,142.64,0.2378,142.68,1.1,2.0,1
602,399539.705,3875869.659,1.339,0.2377,142.88,0.2378,142.92,1.2,2.0,1
603,399539.875,3875869.493,1.342,0.2377,143.12,0.2378,143.16,0.9,1.6,1
604,399540.045,3875869.327,1.345,0.2377,143.36,0.2378,143.4,0.7,1.3,1
605,399540.215,3875869.161,1.347,0.2377,143.59,0.2377,143.63,0.4,0.7,1
606,399540.385,3875868.995,1.348,0.2377,143.83,0.2377,143.87,0.1,0.2,1
607,399540.555,3875868.828,1.347,0.2377,144.07,0.2377,144.11,0.1,0.2,1
608,399540.725,3875868.662,1.346,0.2377,144.31,0.2377,144.35,0.2,0.4,1
609,399540.895,3875868.496,1.345,0.2377,144.55,0.2377,144.59,0.3,0.6,1
610,399541.065,3875868.330,1.344,0.2377,144.78,0.2377,144.82,0.2,0.4,1
611,399541.234,3875868.164,1.344,0.2377,145.02,0.2377,145.06,0.1,0.2,1
612,399541.404,3875867.998,1.344,0.2377,145.26,0.2377,145.3,0.1,0.1,1
613,399541.574,3875867.831,1.345,0.2377,145.5,0.2377,145.54,0.3,0.5,1
614,399541.744,3875867.665,1.347,0.2377,145.73,0.2377,145.77,0.4,0.6,1
615,399541.914,3875867.499,1.348,0.2377,145.97,0.2377,146.01,0.4,0.7,1
616,399542.084,3875867.333,1.351,0.2377,146.21,0.2378,146.25,0.6,1.0,1
617,399542.254,3875867.167,1.355,0.2377,146.45,0.2378,146.49,0.9,1.6,1
618,399542.424,3875867.001,1.359,0.2377,146.69,0.2378,146.73,1.2,2.1,1
619,399542.594,3875866.834,1.365,0.2377,146.92,0.2378,146.96,1.2,2.2,1
620,399542.764,3875866.668,1.369,0.2377,147.16,0.2378,147.2,1.0,1.7,1
621,399542.934,3875866.502,1.369,0.2377,147.4,0.2377,147.44,0.1,0.1,1
622,399543.104,3875866.336,1.368,0.2377,147.64,0.2377,147.68,0.3,0.5,1
623,399543.273,3875866.170,1.364,0.2377,147.87,0.2378,147.91,0.8,1.3,1
624,399543.443,3875866.003,1.361,0.2377,148.11,0.2378,148.15,0.8,1.5,1
625,399543.613,3875865.837,1.358,0.2377,148.35,0.2378,148.39,0.6,1.0,1
626,399543.783,3875865.671,1.357,0.2377,148.59,0.2377,148.63,0.2,0.4,1
627,399543.953,3875865.505,1.359,0.2377,148.82,0.2377,148.87,0.4,0.7,1
628,399544.123,3875865.339,1.361,0.2377,149.06,0.2378,149.1,0.6,1.0,1
629,399544.293,3875865.173,1.363,0.2377,149.3,0.2377,149.34,0.5,0.8,1
630,399544.463,3875865.006,1.365,0.2377,149.54,0.2377,149.58,0.3,0.5,1
631,399544.633,3875864.840,1.365,0.2377,149.78,0.2377,149.82,0.1,0.2,1
632,399544.803,3875864.674,1.366,0.2377,150.01,0.2377,150.05,0.2,0.3,1
633,399544.973,3875864.508,1.367,0.2377,150.25,0.2377,150.29,0.3,0.5,1
634,399545.143,3875864.342,1.367,0.2377,150.49,0.2377,150.53,0.1,0.2,1
635,399545.313,3875864.175,1.367,0.2377,150.73,0.2377,150.77,0.1,0.1,1
636,399545.482,3875864.009,1.366,0.2377,150.96,0.2377,151.01,0.3,0.6,1
637,399545.652,3875863.843,1.365,0.2377,151.2,0.2377,151.24,0.2,0.3,1
638,399545.822,3875863.677,1.365,0.2377,151.44,0.2377,151.48,0.2,0.3,1
639,399545.992,3875863.511,1.368,0.2377,151.68,0.2378,151.72,0.6,1.0,1
640,399546.162,3875863.345,1.371,0.2377,151.92,0.2378,151.96,0.7,1.3,1
641,399546.332,3875863.178,1.373,0.2377,152.15,0.2378,152.19,0.6,1.0,1
642,399546.502,3875863.012,1.375,0.2377,152.39,0.2377,152.43,0.4,0.7,1
643,399546.672,3875862.846,1.376,0.2377,152.63,0.2377,152.67,0.4,0.6,1
644,399546.842,3875862.680,1.378,0.2377,152.87,0.2377,152.91,0.4,0.8,1
645,399547.012,3875862.514,1.381,0.2377,153.1,0.2378,153.14,0.6,1.1,1
646,399547.182,3875862.348,1.383,0.2377,153.34,0.2378,153.38,0.6,1.1,1
647,399547.352,3875862.181,1.387,0.2377,153.58,0.2378,153.62,0.8,1.4,1
648,399547.522,3875862.015,1.39,0.2377,153.82,0.2378,153.86,0.9,1.5,1
649,399547.691,3875861.849,1.393,0.2377,154.05,0.2378,154.1,0.7,1.2,1
650,399547.861,3875861.683,1.396,0.2377,154.29,0.2378,154.33,0.6,1.0,1
651,399548.031,3875861.517,1.397,0.2377,154.53,0.2377,154.57,0.3,0.4,1
652,399548.201,3875861.350,1.397,0.2377,154.77,0.2377,154.81,0.0,0.0,1
653,399548.371,3875861.184,1.396,0.2377,155.01,0.2377,155.05,0.1,0.2,1
654,399548.541,3875861.018,1.395,0.2377,155.24,0.2377,155.28,0.3,0.5,1
655,399548.711,3875860.852,1.395,0.2377,155.48,0.2377,155.52,0.0,0.0,1
656,399548.881,3875860.686,1.397,0.2377,155.72,0.2377,155.76,0.5,0.8,1
657,399549.051,3875860.520,1.401,0.2377,155.96,0.2378,156,0.9,1.6,1
658,399549.221,3875860.353,1.405,0.2377,156.19,0.2378,156.24,1.1,1.9,1
659,399549.391,3875860.187,1.409,0.2377,156.43,0.2378,156.47,0.9,1.5,1
660,399549.561,3875860.021,1.411,0.2377,156.67,0.2377,156.71,0.5,0.9,1
661,399549.731,3875859.855,1.413,0.2377,156.91,0.2377,156.95,0.4,0.7,1
662,399549.900,3875859.689,1.414,0.2377,157.15,0.2377,157.19,0.4,0.7,1
663,399550.070,3875859.522,1.417,0.2377,157.38,0.2377,157.42,0.5,0.9,1
664,399550.240,3875859.356,1.419,0.2377,157.62,0.2378,157.66,0.6,1.0,1
665,399550.410,3875859.190,1.421,0.2377,157.86,0.2378,157.9,0.6,1.0,1
666,399550.580,3875859.024,1.424,0.2377,158.1,0.2378,158.14,0.6,1.1,1
667,399550.750,3875858.858,1.427,0.2377,158.33,0.2378,158.38,0.7,1.2,1
668,399550.920,3875858.692,1.43,0.2377,158.57,0.2378,158.61,0.8,1.4,1
669,399551.090,3875858.525,1.434,0.2377,158.81,0.2378,158.85,0.8,1.5,1
670,399551.260,3875858.359,1.436,0.2377,159.05,0.2378,159.09,0.7,1.2,1
671,399551.430,3875858.193,1.438,0.2377,159.29,0.2377,159.33,0.4,0.8,1
672,399551.600,3875858.027,1.439,0.2377,159.52,0.2377,159.56,0.2,0.4,1
673,399551.770,3875857.861,1.439,0.2377,159.76,0.2377,159.8,0.1,0.1,1
674,399551.940,3875857.695,1.44,0.2377,160,0.2377,160.04,0.2,0.3,1
675,399552.109,3875857.528,1.441,0.2377,160.24,0.2377,160.28,0.3,0.5,1
676,399552.279,3875857.362,1.443,0.2377,160.47,0.2377,160.52,0.4,0.7,1
677,399552.449,3875857.196,1.445,0.2377,160.71,0.2378,160.75,0.6,1.0,1
678,399552.619,3875857.030,1.448,0.2377,160.95,0.2378,160.99,0.6,1.0,1
679,399552.789,3875856.864,1.45,0.2377,161.19,0.2377,161.23,0.5,0.9,1
680,399552.959,3875856.697,1.451,0.2377,161.42,0.2377,161.47,0.2,0.3,1
681,399553.129,3875856.531,1.451,0.2377,161.66,0.2377,161.7,0.1,0.1,1
682,399553.299,3875856.365,1.45,0.2377,161.9,0.2377,161.94,0.2,0.3,1
683,399553.469,3875856.199,1.45,0.2377,162.14,0.2377,162.18,0.0,0.0,1
684,399553.639,3875856.033,1.45,0.2377,162.38,0.2377,162.42,0.0,0.0,1
685,399553.809,3875855.867,1.451,0.2377,162.61,0.2377,162.65,0.1,0.2,1
686,399553.979,3875855.700,1.451,0.2377,162.85,0.2377,162.89,0.1,0.2,1
687,399554.149,3875855.534,1.451,0.2377,163.09,0.2377,163.13,0.1,0.2,1
688,399554.318,3875855.368,1.452,0.2377,163.33,0.2377,163.37,0.1,0.2,1
689,399554.488,3875855.202,1.453,0.2377,163.56,0.2377,163.61,0.2,0.3,1
690,399554.658,3875855.036,1.454,0.2377,163.8,0.2377,163.84,0.2,0.4,1
691,399554.828,3875854.869,1.455,0.2377,164.04,0.2377,164.08,0.4,0.7,1
692,399554.998,3875854.703,1.457,0.2377,164.28,0.2377,164.32,0.5,0.8,1
693,399555.168,3875854.537,1.46,0.2377,164.52,0.2378,164.56,0.7,1.2,1
694,399555.338,3875854.371,1.463,0.2377,164.75,0.2378,164.79,0.7,1.3,1
695,399555.508,3875854.205,1.466,0.2377,164.99,0.2378,165.03,0.8,1.3,1
696,399555.678,3875854.039,1.47,0.2377,165.23,0.2378,165.27,0.8,1.4,1
697,399555.848,3875853.872,1.472,0.2377,165.47,0.2378,165.51,0.7,1.1,1
698,399556.018,3875853.706,1.475,0.2377,165.7,0.2378,165.75,0.7,1.2,1
699,399556.188,3875853.540,1.478,0.2377,165.94,0.2378,165.98,0.6,1.1,1
700,399556.358,3875853.374,1.48,0.2377,166.18,0.2378,166.22,0.6,1.1,1
701,399556.527,3875853.208,1.483,0.2377,166.42,0.2378,166.46,0.6,1.1,1
702,399556.697,3875853.042,1.485,0.2377,166.66,0.2377,166.7,0.5,0.9,1
703,399556.867,3875852.875,1.486,0.2377,166.89,0.2377,166.93,0.3,0.6,1
704,399557.037,3875852.709,1.487,0.2377,167.13,0.2377,167.17,0.2,0.3,1
705,399557.207,3875852.543,1.487,0.2377,167.37,0.2377,167.41,0.0,0.0,1
706,399557.377,3875852.377,1.487,0.2377,167.61,0.2377,167.65,0.0,0.0,1
707,399557.547,3875852.211,1.487,0.2377,167.84,0.2377,167.89,0.0,0.1,1
708,399557.717,3875852.044,1.487,0.2377,168.08,0.2377,168.12,0.0,0.1,1
709,399557.887,3875851.878,1.487,0.2377,168.32,0.2377,168.36,0.0,0.1,1
710,399558.057,3875851.712,1.487,0.2377,168.56,0.2377,168.6,0.1,0.1,1
711,399558.227,3875851.546,1.488,0.2377,168.79,0.2377,168.84,0.1,0.2,1
712,399558.397,3875851.380,1.489,0.2377,169.03,0.2377,169.07,0.3,0.5,1
713,399558.567,3875851.214,1.491,0.2377,169.27,0.2377,169.31,0.5,0.9,1
714,399558.736,3875851.047,1.493,0.2377,169.51,0.2378,169.55,0.6,1.1,1
715,399558.906,3875850.881,1.495,0.2377,169.75,0.2377,169.79,0.5,0.9,1
716,399559.076,3875850.715,1.497,0.2377,169.98,0.2377,170.02,0.4,0.7,1
717,399559.246,3875850.549,1.498,0.2377,170.22,0.2377,170.26,0.2,0.4,1
718,399559.416,3875850.383,1.499,0.2377,170.46,0.2377,170.5,0.2,0.4,1
719,399559.586,3875850.216,1.5,0.2377,170.7,0.2377,170.74,0.3,0.5,1
720,399559.756,3875850.050,1.501,0.2377,170.93,0.2377,170.98,0.3,0.5,1
721,399559.926,3875849.884,1.503,0.2377,171.17,0.2377,171.21,0.3,0.5,1
722,399560.096,3875849.718,1.503,0.2377,171.41,0.2377,171.45,0.2,0.3,1
723,399560.266,3875849.552,1.504,0.2377,171.65,0.2377,171.69,0.2,0.3,1
724,399560.436,3875849.386,1.505,0.2377,171.89,0.2377,171.93,0.2,0.4,1
725,399560.606,3875849.219,1.507,0.2377,172.12,0.2377,172.16,0.4,0.7,1
726,399560.776,3875849.053,1.508,0.2377,172.36,0.2377,172.4,0.4,0.8,1
727,399560.945,3875848.887,1.51,0.2377,172.6,0.2377,172.64,0.4,0.8,1
728,399561.115,3875848.721,1.512,0.2377,172.84,0.2377,172.88,0.4,0.8,1
729,399561.285,3875848.555,1.514,0.2377,173.07,0.2377,173.12,0.3,0.6,1
730,399561.455,3875848.389,1.515,0.2377,173.31,0.2377,173.35,0.4,0.6,1
731,399561.625,3875848.222,1.516,0.2377,173.55,0.2377,173.59,0.2,0.3,1
732,399561.795,3875848.056,1.516,0.2377,173.79,0.2377,173.83,0.2,0.3,1
733,399561.965,3875847.890,1.517,0.2377,174.03,0.2377,174.07,0.1,0.2,1
734,399562.135,3875847.724,1.517,0.2377,174.26,0.2377,174.3,0.0,0.1,1
735,399562.305,3875847.558,1.516,0.2377,174.5,0.2377,174.54,0.1,0.1,1
736,399562.475,3875847.391,1.516,0.2377,174.74,0.2377,174.78,0.2,0.3,1
737,399562.645,3875847.225,1.515,0.2377,174.98,0.2377,175.02,0.1,0.2,1
738,399562.815,3875847.059,1.515,0.2377,175.21,0.2377,175.26,0.1,0.2,1
739,399562.985,3875846.893,1.514,0.2377,175.45,0.2377,175.49,0.1,0.1,1
740,399563.154,3875846.727,1.515,0.2377,175.69,0.2377,175.73,0.1,0.2,1
741,399563.324,3875846.561,1.515,0.2377,175.93,0.2377,175.97,0.1,0.1,1
742,399563.494,3875846.394,1.515,0.2377,176.16,0.2377,176.21,0.0,0.0,1
743,399563.664,3875846.228,1.515,0.2377,176.4,0.2377,176.44,0.1,0.2,1
744,399563.834,3875846.062,1.514,0.2377,176.64,0.2377,176.68,0.2,0.4,1
745,399564.004,3875845.896,1.512,0.2377,176.88,0.2377,176.92,0.5,0.8,1
746,399564.174,3875845.730,1.509,0.2377,177.12,0.2378,177.16,0.6,1.1,1
747,399564.344,3875845.563,1.506,0.2377,177.35,0.2378,177.39,0.7,1.3,1
748,399564.514,3875845.397,1.504,0.2377,177.59,0.2378,177.63,0.6,1.0,1
749,399564.684,3875845.231,1.502,0.2377,177.83,0.2377,177.87,0.5,0.8,1
750,399564.854,3875845.065,1.5,0.2377,178.07,0.2377,178.11,0.4,0.7,1
751,399565.024,3875844.899,1.498,0.2377,178.3,0.2377,178.35,0.5,0.9,1
752,399565.194,3875844.733,1.495,0.2377,178.54,0.2378,178.58,0.7,1.2,1
753,399565.363,3875844.566,1.492,0.2377,178.78,0.2378,178.82,0.8,1.3,1
754,399565.533,3875844.400,1.489,0.2377,179.02,0.2378,179.06,0.8,1.5,1
755,399565.703,3875844.234,1.485,0.2377,179.26,0.2378,179.3,0.8,1.4,1
756,399565.873,3875844.068,1.481,0.2377,179.49,0.2378,179.53,0.9,1.6,1
757,399566.043,3875843.902,1.478,0.2377,179.73,0.2378,179.77,0.9,1.6,1
758,399566.213,3875843.736,1.473,0.2377,179.97,0.2378,180.01,1.0,1.8,1
759,399566.383,3875843.569,1.469,0.2377,180.21,0.2378,180.25,1.0,1.8,1
760,399566.553,3875843.403,1.465,0.2377,180.44,0.2378,180.49,1.1,1.9,1
761,399566.723,3875843.237,1.46,0.2377,180.68,0.2378,180.72,1.0,1.7,1
762,399566.893,3875843.071,1.458,0.2377,180.92,0.2378,180.96,0.7,1.2,1
763,399567.063,3875842.905,1.457,0.2377,181.16,0.2377,181.2,0.1,0.1,1
764,399567.233,3875842.738,1.46,0.2377,181.39,0.2378,181.44,0.6,1.0,1
765,399567.402,3875842.572,1.463,0.2377,181.63,0.2378,181.67,0.8,1.4,1
766,399567.572,3875842.406,1.466,0.2377,181.87,0.2378,181.91,0.8,1.4,1
767,399567.742,3875842.240,1.468,0.2377,182.11,0.2377,182.15,0.4,0.6,1
768,399567.912,3875842.074,1.468,0.2377,182.35,0.2377,182.39,0.0,0.0,1
769,399568.082,3875841.908,1.465,0.2377,182.58,0.2378,182.63,0.7,1.2,1
770,399568.252,3875841.741,1.458,0.2377,182.82,0.2378,182.86,1.6,2.8,1
771,399568.422,3875841.575,1.448,0.2377,183.06,0.2379,183.1,2.4,4.1,1
772,399568.592,3875841.409,1.434,0.2377,183.3,0.2382,183.34,3.6,6.3,1
773,399568.762,3875841.243,1.416,0.2377,183.53,0.2384,183.58,4.2,7.3,1
774,399568.932,3875841.077,1.398,0.2377,183.77,0.2384,183.82,4.3,7.5,1
775,399569.102,3875840.910,1.383,0.2377,184.01,0.2383,184.05,3.8,6.6,1
776,399569.272,3875840.744,1.37,0.2377,184.25,0.2381,184.29,3.2,5.5,1
777,399569.442,3875840.578,1.359,0.2377,184.49,0.238,184.53,2.6,4.6,1
778,399569.611,3875840.412,1.351,0.2377,184.72,0.2379,184.77,1.9,3.3,1
779,399569.781,3875840.246,1.345,0.2377,184.96,0.2378,185.01,1.5,2.6,1
780,399569.951,3875840.080,1.338,0.2377,185.2,0.2378,185.24,1.5,2.6,1
781,399570.121,3875839.913,1.332,0.2377,185.44,0.2378,185.48,1.5,2.6,1
782,399570.291,3875839.747,1.326,0.2377,185.67,0.2378,185.72,1.5,2.7,1
783,399570.461,3875839.581,1.32,0.2377,185.91,0.2378,185.96,1.6,2.7,1
784,399570.631,3875839.415,1.315,0.2377,186.15,0.2378,186.2,1.0,1.8,1
785,399570.801,3875839.249,1.312,0.2377,186.39,0.2378,186.43,0.9,1.6,1
786,399570.971,3875839.083,1.309,0.2377,186.63,0.2378,186.67,0.6,1.1,1
787,399571.141,3875838.916,1.306,0.2377,186.86,0.2378,186.91,0.6,1.1,1
788,399571.311,3875838.750,1.304,0.2377,187.1,0.2378,187.15,0.6,1.0,1
789,399571.481,3875838.584,1.301,0.2377,187.34,0.2378,187.38,0.6,1.1,1
790,399571.651,3875838.418,1.298,0.2377,187.58,0.2378,187.62,0.7,1.3,1
791,399571.820,3875838.252,1.295,0.2377,187.81,0.2378,187.86,0.8,1.5,1
792,399571.990,3875838.085,1.291,0.2377,188.05,0.2378,188.1,0.9,1.6,1
793,399572.160,3875837.919,1.287,0.2377,188.29,0.2378,188.34,0.9,1.5,1
794,399572.330,3875837.753,1.284,0.2377,188.53,0.2378,188.57,0.9,1.5,1
795,399572.500,3875837.587,1.279,0.2377,188.76,0.2378,188.81,1.0,1.7,1
796,399572.670,3875837.421,1.275,0.2377,189,0.2378,189.05,1.0,1.7,1
797,399572.840,3875837.255,1.271,0.2377,189.24,0.2378,189.29,1.1,1.8,1
798,399573.010,3875837.088,1.267,0.2377,189.48,0.2378,189.52,0.9,1.6,1
799,399573.180,3875836.922,1.264,0.2377,189.72,0.2378,189.76,0.7,1.2,1
800,399573.350,3875836.756,1.262,0.2377,189.95,0.2377,190,0.5,0.9,1
801,399573.520,3875836.590,1.26,0.2377,190.19,0.2377,190.24,0.5,0.9,1
802,399573.690,3875836.424,1.258,0.2377,190.43,0.2377,190.48,0.5,0.9,1
803,399573.860,3875836.257,1.255,0.2377,190.67,0.2378,190.71,0.6,1.1,1
804,399574.029,3875836.091,1.254,0.2377,190.9,0.2377,190.95,0.4,0.8,1
805,399574.199,3875835.925,1.253,0.2377,191.14,0.2377,191.19,0.2,0.4,1
806,399574.369,3875835.759,1.253,0.2377,191.38,0.2377,191.43,0.0,0.1,1
807,399574.539,3875835.593,1.252,0.2377,191.62,0.2377,191.66,0.0,0.1,1
808,399574.709,3875835.427,1.251,0.2377,191.86,0.2377,191.9,0.3,0.6,1
809,399574.879,3875835.260,1.248,0.2377,192.09,0.2378,192.14,0.8,1.3,1
810,399575.049,3875835.094,1.242,0.2377,192.33,0.2378,192.38,1.4,2.4,1
811,399575.219,3875834.928,1.232,0.2377,192.57,0.2379,192.62,2.3,4.1,1
812,399575.389,3875834.762,1.22,0.2377,192.81,0.2381,192.85,3.0,5.3,1
813,399575.559,3875834.596,1.208,0.2377,193.04,0.238,193.09,2.9,5.1,1
814,399575.729,3875834.430,1.194,0.2377,193.28,0.2381,193.33,3.3,5.7,1
815,399575.899,3875834.263,1.184,0.2377,193.52,0.238,193.57,2.5,4.4,1
816,399576.069,3875834.097,1.176,0.2377,193.76,0.2379,193.81,1.8,3.1,1
817,399576.238,3875833.931,1.173,0.2377,194,0.2378,194.04,0.7,1.2,1
818,399576.408,3875833.765,1.174,0.2377,194.23,0.2377,194.28,0.1,0.2,1
819,399576.578,3875833.599,1.176,0.2377,194.47,0.2377,194.52,0.5,0.9,1
820,399576.748,3875833.432,1.178,0.2377,194.71,0.2377,194.76,0.5,0.8,1
821,399576.918,3875833.266,1.179,0.2377,194.95,0.2377,194.99,0.3,0.5,1
822,399577.088,3875833.100,1.18,0.2377,195.18,0.2377,195.23,0.1,0.1,1
823,399577.258,3875832.934,1.177,0.2377,195.42,0.2378,195.47,0.6,1.1,1
824,399577.428,3875832.768,1.172,0.2377,195.66,0.2378,195.71,1.1,1.9,1
825,399577.598,3875832.602,1.163,0.2377,195.9,0.2379,195.95,2.2,3.8,1
826,399577.768,3875832.435,1.151,0.2377,196.13,0.238,196.18,2.9,5.0,1
827,399577.938,3875832.269,1.137,0.2377,196.37,0.2382,196.42,3.4,6.0,1
828,399578.108,3875832.103,1.123,0.2377,196.61,0.2381,196.66,3.3,5.7,1
829,399578.278,3875831.937,1.113,0.2377,196.85,0.238,196.9,2.5,4.3,1
830,399578.447,3875831.771,1.105,0.2377,197.09,0.2379,197.14,2.1,3.7,1
831,399578.617,3875831.604,1.097,0.2377,197.32,0.2379,197.37,1.8,3.1,1
832,399578.787,3875831.438,1.09,0.2377,197.56,0.2379,197.61,1.8,3.2,1
833,399578.957,3875831.272,1.083,0.2377,197.8,0.2378,197.85,1.5,2.7,1
834,399579.127,3875831.106,1.078,0.2377,198.04,0.2378,198.09,1.4,2.5,1
835,399579.297,3875830.940,1.075,0.2377,198.27,0.2378,198.32,0.7,1.2,1
836,399579.467,3875830.774,1.072,0.2377,198.51,0.2378,198.56,0.6,1.0,1
837,399579.637,3875830.607,1.072,0.2377,198.75,0.2377,198.8,0.2,0.4,1
838,399579.807,3875830.441,1.07,0.2377,198.99,0.2377,199.04,0.4,0.8,1
839,399579.977,3875830.275,1.067,0.2377,199.23,0.2378,199.28,0.6,1.1,1
840,399580.147,3875830.109,1.062,0.2377,199.46,0.2378,199.51,1.3,2.3,1
841,399580.317,3875829.943,1.052,0.2377,199.7,0.2379,199.75,2.2,3.9,1
842,399580.487,3875829.777,1.041,0.2377,199.94,0.238,199.99,2.8,5.0,1
843,399580.656,3875829.610,1.026,0.2377,200.18,0.2382,200.23,3.5,6.1,1
844,399580.826,3875829.444,1.011,0.2377,200.41,0.2382,200.47,3.6,6.3,1
845,399580.996,3875829.278,0.996,0.2377,200.65,0.2382,200.7,3.7,6.4,1
846,399581.166,3875829.112,0.982,0.2377,200.89,0.2382,200.94,3.4,6.0,1
847,399581.336,3875828.946,0.97,0.2377,201.13,0.238,201.18,2.8,4.9,1
848,399581.506,3875828.779,0.959,0.2377,201.37,0.238,201.42,2.7,4.7,1
849,399581.676,3875828.613,0.949,0.2377,201.6,0.2379,201.66,2.3,4.0,1
850,399581.846,3875828.447,0.94,0.2377,201.84,0.2379,201.89,2.3,3.9,1
851,399582.016,3875828.281,0.932,0.2377,202.08,0.2379,202.13,1.9,3.4,1
852,399582.186,3875828.115,0.924,0.2377,202.32,0.2379,202.37,1.8,3.1,1
853,399582.356,3875827.949,0.917,0.2377,202.55,0.2378,202.61,1.7,2.9,1
854,399582.526,3875827.782,0.913,0.2377,202.79,0.2378,202.85,1.1,1.9,1
855,399582.696,3875827.616,0.908,0.2377,203.03,0.2378,203.08,1.2,2.1,1
856,399582.865,3875827.450,0.906,0.2377,203.27,0.2377,203.32,0.5,0.9,1
857,399583.035,3875827.284,0.902,0.2377,203.5,0.2378,203.56,0.9,1.6,1
858,399583.205,3875827.118,0.898,0.2377,203.74,0.2378,203.8,1.0,1.8,1
859,399583.375,3875826.951,0.893,0.2377,203.98,0.2378,204.03,1.1,2.0,1
860,399583.545,3875826.785,0.886,0.2377,204.22,0.2379,204.27,1.8,3.1,1
861,399583.715,3875826.619,0.878,0.2377,204.46,0.2378,204.51,1.7,3.1,1
862,399583.885,3875826.453,0.87,0.2377,204.69,0.2379,204.75,2.0,3.4,1
863,399584.055,3875826.287,0.863,0.2377,204.93,0.2378,204.99,1.7,3.0,1
864,399584.225,3875826.121,0.858,0.2377,205.17,0.2378,205.22,1.3,2.3,1
865,399584.395,3875825.954,0.856,0.2377,205.41,0.2377,205.46,0.5,0.9,1
866,399584.565,3875825.788,0.854,0.2377,205.64,0.2377,205.7,0.3,0.6,1
867,399584.735,3875825.622,0.853,0.2377,205.88,0.2377,205.94,0.2,0.3,1
868,399584.905,3875825.456,0.851,0.2377,206.12,0.2378,206.17,0.6,1.1,1
869,399585.074,3875825.290,0.848,0.2377,206.36,0.2378,206.41,0.8,1.4,1
870,399585.244,3875825.124,0.842,0.2377,206.6,0.2378,206.65,1.3,2.2,1
871,399585.414,3875824.957,0.836,0.2377,206.83,0.2378,206.89,1.4,2.5,1
872,399585.584,3875824.791,0.83,0.2377,207.07,0.2378,207.13,1.7,2.9,1
873,399585.754,3875824.625,0.822,0.2377,207.31,0.2379,207.36,1.8,3.1,1
874,399585.924,3875824.459,0.816,0.2377,207.55,0.2378,207.6,1.6,2.7,1
875,399586.094,3875824.293,0.81,0.2377,207.78,0.2378,207.84,1.5,2.6,1
876,399586.264,3875824.126,0.804,0.2377,208.02,0.2378,208.08,1.4,2.4,1
877,399586.434,3875823.960,0.797,0.2377,208.26,0.2378,208.31,1.6,2.8,1
878,399586.604,3875823.794,0.791,0.2377,208.5,0.2378,208.55,1.5,2.7,1
879,399586.774,3875823.628,0.784,0.2377,208.73,0.2378,208.79,1.7,2.9,1
880,399586.944,3875823.462,0.778,0.2377,208.97,0.2378,209.03,1.3,2.3,1
881,399587.114,3875823.296,0.774,0.2377,209.21,0.2378,209.27,1.1,1.9,1
882,399587.283,3875823.129,0.77,0.2377,209.45,0.2378,209.5,0.8,1.5,1
883,399587.453,3875822.963,0.768,0.2377,209.69,0.2378,209.74,0.6,1.0,1
884,399587.623,3875822.797,0.765,0.2377,209.92,0.2378,209.98,0.6,1.0,1
885,399587.793,3875822.631,0.763,0.2377,210.16,0.2378,210.22,0.7,1.2,1
886,399587.963,3875822.465,0.76,0.2377,210.4,0.2378,210.45,0.6,1.0,1
887,399588.133,3875822.298,0.756,0.2377,210.64,0.2378,210.69,0.9,1.6,1
888,399588.303,3875822.132,0.751,0.2377,210.87,0.2378,210.93,1.3,2.2,1
889,399588.473,3875821.966,0.744,0.2377,211.11,0.2379,211.17,1.8,3.1,1
890,399588.643,3875821.800,0.735,0.2377,211.35,0.2379,211.41,2.1,3.7,1
891,399588.813,3875821.634,0.725,0.2377,211.59,0.2379,211.64,2.4,4.2,1
892,399588.983,3875821.468,0.714,0.2377,211.83,0.238,211.88,2.6,4.5,1
893,399589.153,3875821.301,0.704,0.2377,212.06,0.238,212.12,2.5,4.4,1
894,399589.323,3875821.135,0.694,0.2377,212.3,0.2379,212.36,2.4,4.2,1
895,399589.492,3875820.969,0.686,0.2377,212.54,0.2379,212.6,1.9,3.4,1
896,399589.662,3875820.803,0.681,0.2377,212.78,0.2378,212.83,1.3,2.3,1
897,399589.832,3875820.637,0.678,0.2377,213.01,0.2378,213.07,0.6,1.0,1
898,399590.002,3875820.470,0.678,0.2377,213.25,0.2377,213.31,0.1,0.2,1
899,399590.172,3875820.304,0.677,0.2377,213.49,0.2377,213.55,0.2,0.4,1
900,399590.342,3875820.138,0.673,0.2377,213.73,0.2378,213.78,1.0,1.7,1
901,399590.512,3875819.972,0.666,0.2377,213.97,0.2378,214.02,1.5,2.7,1
902,399590.682,3875819.806,0.66,0.2377,214.2,0.2378,214.26,1.6,2.9,1
903,399590.852,3875819.640,0.654,0.2377,214.44,0.2378,214.5,1.4,2.4,1
904,399591.022,3875819.473,0.649,0.2377,214.68,0.2378,214.74,1.1,1.9,1
905,399591.192,3875819.307,0.644,0.2377,214.92,0.2378,214.97,1.4,2.4,1
906,399591.362,3875819.141,0.635,0.2377,215.15,0.2379,215.21,2.0,3.5,1
907,399591.531,3875818.975,0.624,0.2377,215.39,0.238,215.45,2.7,4.6,1
908,399591.701,3875818.809,0.613,0.2377,215.63,0.238,215.69,2.7,4.8,1
909,399591.871,3875818.643,0.603,0.2377,215.87,0.238,215.93,2.4,4.3,1
910,399592.041,3875818.476,0.594,0.2377,216.1,0.2379,216.16,2.0,3.5,1
911,399592.211,3875818.310,0.588,0.2377,216.34,0.2378,216.4,1.6,2.9,1
912,399592.381,3875818.144,0.582,0.2377,216.58,0.2378,216.64,1.3,2.3,1
913,399592.551,3875817.978,0.578,0.2377,216.82,0.2378,216.88,1.1,2.0,1
914,399592.721,3875817.812,0.574,0.2377,217.06,0.2378,217.11,0.8,1.4,1
915,399592.891,3875817.645,0.571,0.2377,217.29,0.2378,217.35,0.8,1.4,1
916,399593.061,3875817.479,0.568,0.2377,217.53,0.2378,217.59,0.8,1.4,1
917,399593.231,3875817.313,0.564,0.2377,217.77,0.2378,217.83,0.8,1.5,1
918,399593.401,3875817.147,0.559,0.2377,218.01,0.2378,218.07,1.3,2.2,1
919,399593.571,3875816.981,0.552,0.2377,218.24,0.2378,218.3,1.6,2.8,1
920,399593.740,3875816.815,0.544,0.2377,218.48,0.2379,218.54,1.9,3.3,1
921,399593.910,3875816.648,0.535,0.2377,218.72,0.2379,218.78,2.2,3.8,1
922,399594.080,3875816.482,0.527,0.2377,218.96,0.2379,219.02,2.0,3.6,1
923,399594.250,3875816.316,0.52,0.2377,219.2,0.2378,219.25,1.6,2.9,1
924,399594.420,3875816.150,0.517,0.2377,219.43,0.2378,219.49,0.7,1.2,1
925,399594.590,3875815.984,0.517,0.2377,219.67,0.2377,219.73,0.0,0.0,1
926,399594.760,3875815.817,0.519,0.2377,219.91,0.2377,219.97,0.4,0.7,1
927,399594.930,3875815.651,0.519,0.2377,220.15,0.2377,220.21,0.0,0.0,1
928,399595.100,3875815.485,0.517,0.2377,220.38,0.2377,220.44,0.3,0.6,1
929,399595.270,3875815.319,0.515,0.2377,220.62,0.2378,220.68,0.6,1.1,1
930,399595.440,3875815.153,0.51,0.2377,220.86,0.2378,220.92,1.0,1.8,1
931,399595.610,3875814.987,0.506,0.2377,221.1,0.2378,221.16,1.0,1.8,1
932,399595.780,3875814.820,0.501,0.2377,221.34,0.2378,221.39,1.1,2.0,1
933,399595.949,3875814.654,0.496,0.2377,221.57,0.2378,221.63,1.3,2.3,1
934,399596.119,3875814.488,0.491,0.2377,221.81,0.2378,221.87,1.3,2.2,1
935,399596.289,3875814.322,0.486,0.2377,222.05,0.2378,222.11,1.2,2.1,1
936,399596.459,3875814.156,0.483,0.2377,222.29,0.2378,222.35,0.8,1.3,1
937,399596.629,3875813.990,0.48,0.2377,222.52,0.2378,222.58,0.7,1.3,1
938,399596.799,3875813.823,0.475,0.2377,222.76,0.2378,222.82,1.0,1.7,1
939,399596.969,3875813.657,0.468,0.2377,223,0.2378,223.06,1.7,3.0,1
940,399597.139,3875813.491,0.459,0.2377,223.24,0.2379,223.3,2.2,3.9,1
941,399597.309,3875813.325,0.449,0.2377,223.47,0.2379,223.54,2.3,4.0,1
942,399597.479,3875813.159,0.441,0.2377,223.71,0.2379,223.77,2.1,3.7,1
943,399597.649,3875812.992,0.434,0.2377,223.95,0.2378,224.01,1.6,2.9,1
944,399597.819,3875812.826,0.43,0.2377,224.19,0.2378,224.25,1.0,1.7,1
945,399597.989,3875812.660,0.427,0.2377,224.43,0.2378,224.49,0.6,1.0,1
946,399598.158,3875812.494,0.426,0.2377,224.66,0.2377,224.72,0.2,0.4,1
947,399598.328,3875812.328,0.426,0.2377,224.9,0.2377,224.96,0.0,0.0,1
948,399598.498,3875812.162,0.426,0.2377,225.14,0.2377,225.2,0.1,0.2,1
949,399598.668,3875811.995,0.425,0.2377,225.38,0.2377,225.44,0.2,0.4,1
950,399598.838,3875811.829,0.423,0.2377,225.61,0.2377,225.68,0.5,0.9,1
951,399599.008,3875811.663,0.419,0.2377,225.85,0.2378,225.91,0.8,1.4,1
952,399599.178,3875811.497,0.417,0.2377,226.09,0.2378,226.15,0.7,1.2,1
953,399599.348,3875811.331,0.414,0.2377,226.33,0.2377,226.39,0.5,0.9,1
954,399599.518,3875811.164,0.414,0.2377,226.57,0.2377,226.63,0.1,0.1,1
955,399599.688,3875810.998,0.415,0.2377,226.8,0.2377,226.86,0.1,0.2,1
956,399599.858,3875810.832,0.415,0.2377,227.04,0.2377,227.1,0.0,0.0,1
957,399600.028,3875810.666,0.413,0.2377,227.28,0.2377,227.34,0.4,0.7,1
958,399600.198,3875810.500,0.41,0.2377,227.52,0.2378,227.58,0.7,1.3,1
959,399600.367,3875810.334,0.406,0.2377,227.75,0.2378,227.81,1.0,1.8,1
960,399600.537,3875810.167,0.401,0.2377,227.99,0.2378,228.05,1.0,1.7,1
961,399600.707,3875810.001,0.397,0.2377,228.23,0.2378,228.29,1.1,1.9,1
962,399600.877,3875809.835,0.392,0.2377,228.47,0.2378,228.53,1.1,1.9,1
963,399601.047,3875809.669,0.388,0.2377,228.71,0.2378,228.77,1.0,1.8,1
964,399601.217,3875809.503,0.384,0.2377,228.94,0.2378,229,0.9,1.6,1
965,399601.387,3875809.337,0.381,0.2377,229.18,0.2378,229.24,0.8,1.4,1
966,399601.557,3875809.170,0.379,0.2377,229.42,0.2377,229.48,0.5,0.9,1
967,399601.727,3875809.004,0.377,0.2377,229.66,0.2377,229.72,0.3,0.6,1
968,399601.897,3875808.838,0.377,0.2377,229.89,0.2377,229.95,0.2,0.3,1
969,399602.067,3875808.672,0.376,0.2377,230.13,0.2377,230.19,0.0,0.1,1
970,399602.237,3875808.506,0.377,0.2377,230.37,0.2377,230.43,0.1,0.2,1
971,399602.407,3875808.339,0.378,0.2377,230.61,0.2377,230.67,0.3,0.5,1
972,399602.576,3875808.173,0.382,0.2377,230.84,0.2378,230.91,0.9,1.5,1
973,399602.746,3875808.007,0.386,0.2377,231.08,0.2378,231.14,1.0,1.7,1
974,399602.916,3875807.841,0.391,0.2377,231.32,0.2378,231.38,1.2,2.1,1
975,399603.086,3875807.675,0.396,0.2377,231.56,0.2378,231.62,1.3,2.2,1
976,399603.256,3875807.509,0.399,0.2377,231.8,0.2378,231.86,0.8,1.3,1
977,399603.426,3875807.342,0.401,0.2377,232.03,0.2377,232.09,0.4,0.8,1
978,399603.596,3875807.176,0.399,0.2377,232.27,0.2378,232.33,0.7,1.2,1
979,399603.766,3875807.010,0.396,0.2377,232.51,0.2378,232.57,0.6,1.1,1
980,399603.936,3875806.844,0.395,0.2377,232.75,0.2377,232.81,0.2,0.4,1
981,399604.106,3875806.678,0.396,0.2377,232.98,0.2377,233.05,0.3,0.6,1
982,399604.276,3875806.511,0.401,0.2377,233.22,0.2378,233.28,1.1,1.9,1
983,399604.446,3875806.345,0.406,0.2377,233.46,0.2378,233.52,1.1,2.0,1
984,399604.616,3875806.179,0.411,0.2377,233.7,0.2378,233.76,1.2,2.1,1
985,399604.785,3875806.013,0.415,0.2377,233.94,0.2378,234,1.1,1.9,1
986,399604.955,3875805.847,0.418,0.2377,234.17,0.2378,234.23,0.8,1.3,1
987,399605.125,3875805.681,0.42,0.2377,234.41,0.2377,234.47,0.4,0.8,1
988,399605.295,3875805.514,0.42,0.2377,234.65,0.2377,234.71,0.1,0.1,1
989,399605.465,3875805.348,0.42,0.2377,234.89,0.2377,234.95,0.2,0.3,1
990,399605.635,3875805.182,0.419,0.2377,235.12,0.2377,235.19,0.3,0.5,1
991,399605.805,3875805.016,0.416,0.2377,235.36,0.2378,235.42,0.7,1.3,1
992,399605.975,3875804.850,0.411,0.2377,235.6,0.2378,235.66,1.0,1.7,1
993,399606.145,3875804.684,0.406,0.2377,235.84,0.2378,235.9,1.3,2.3,1
994,399606.315,3875804.517,0.4,0.2377,236.07,0.2378,236.14,1.5,2.7,1
995,399606.485,3875804.351,0.392,0.2377,236.31,0.2378,236.37,1.7,3.0,1
996,399606.655,3875804.185,0.386,0.2377,236.55,0.2378,236.61,1.6,2.8,1
997,399606.825,3875804.019,0.379,0.2377,236.79,0.2378,236.85,1.6,2.8,1
998,399606.994,3875803.853,0.374,0.2377,237.03,0.2378,237.09,1.2,2.1,1
999,399607.164,3875803.686,0.371,0.2377,237.26,0.2378,237.33,0.7,1.2,1
1000,399607.334,3875803.520,0.366,0.2377,237.5,0.2378,237.56,1.2,2.2,1
1001,399607.504,3875803.354,0.358,0.2377,237.74,0.2379,237.8,2.0,3.4,1
1002,399607.674,3875803.188,0.346,0.2377,237.98,0.238,238.04,2.8,4.9,1
1003,399607.844,3875803.022,0.335,0.2377,238.21,0.238,238.28,2.7,4.8,1
1004,399608.014,3875802.856,0.329,0.2377,238.45,0.2378,238.52,1.5,2.6,1
1005,399608.184,3875802.689,0.327,0.2377,238.69,0.2377,238.75,0.4,0.7,1
1006,399608.354,3875802.523,0.325,0.2377,238.93,0.2377,238.99,0.3,0.6,1
1007,399608.524,3875802.357,0.322,0.2377,239.17,0.2378,239.23,0.9,1.5,1
1008,399608.694,3875802.191,0.314,0.2377,239.4,0.2379,239.47,1.8,3.2,1
1009,399608.864,3875802.025,0.305,0.2377,239.64,0.2379,239.7,2.1,3.8,1
1010,399609.034,3875801.858,0.295,0.2377,239.88,0.238,239.94,2.5,4.3,1
1011,399609.203,3875801.692,0.284,0.2377,240.12,0.238,240.18,2.6,4.5,1
1012,399609.373,3875801.526,0.272,0.2377,240.35,0.2381,240.42,3.0,5.3,1
1013,399609.543,3875801.360,0.259,0.2377,240.59,0.2381,240.66,3.2,5.6,1
1014,399609.713,3875801.194,0.245,0.2377,240.83,0.2381,240.89,3.3,5.7,1
1015,399609.883,3875801.028,0.235,0.2377,241.07,0.2379,241.13,2.3,4.0,1
1016,399610.053,3875800.861,0.235,0.2377,241.31,0.2377,241.37,0.1,0.2,1
1017,399610.223,3875800.695,0.239,0.2377,241.54,0.2378,241.61,1.1,1.8,1
1018,399610.393,3875800.529,0.247,0.2377,241.78,0.2379,241.85,1.9,3.3,1
1019,399610.563,3875800.363,0.251,0.2377,242.02,0.2378,242.08,1.0,1.8,1
1020,399610.733,3875800.197,0.251,0.2377,242.26,0.2377,242.32,0.0,0.0,1
1021,399610.903,3875800.031,0.246,0.2377,242.49,0.2378,242.56,1.3,2.2,1
1022,399611.073,3875799.864,0.234,0.2377,242.73,0.2381,242.8,3.0,5.2,1
1023,399611.243,3875799.698,0.213,0.2377,242.97,0.2386,243.04,5.0,8.7,1
1024,399611.412,3875799.532,0.192,0.2371,243.21,0.238,243.27,5.0,8.7,1
